S_No,sentence_id,language,Sentence,model_answer,model,response_id,finish_reason,reference_sentence,recommended_category,gold_status,gold_correction,normalized_input,normalized_answer,normalized_gold,changed_from_input,exact_gold_match
1,B.dev.gold.bea19:000949,Malayalam,"However, they still being ordinary people, they make mistakes.","However, they still are ordinary people who make mistakes.",gemma3:4b,2026-09-25T15:18:11.4222392Z,stop,"However, they still being ordinary people, they make mistakes.",clear_error,incorrect,"However, they are still ordinary people, and they make mistakes.","However, they still being ordinary people, they make mistakes.","However, they still are ordinary people who make mistakes.","However, they are still ordinary people, and they make mistakes.",True,False
2,B.dev.gold.bea19:000173,Malayalam,"If the partially damaged sheets are bad, they will be treated as bad sheets, which will be securely distoryed.","If the partially damaged sheets are bad, they will be treated as bad sheets, which will be securely destroyed.",gemma3:4b,2026-09-25T15:18:17.2904903Z,stop,"If the partially damaged sheets are bad, they will be treated as bad sheets, which will be securely distoryed.",clear_error,incorrect,"If the partially damaged sheets are bad, they will be treated as bad sheets, which will be securely destroyed.","If the partially damaged sheets are bad, they will be treated as bad sheets, which will be securely distoryed.","If the partially damaged sheets are bad, they will be treated as bad sheets, which will be securely destroyed.","If the partially damaged sheets are bad, they will be treated as bad sheets, which will be securely destroyed.",True,True
3,B.dev.gold.bea19:000405,Malayalam,What a lovely weather today!,What lovely weather it is today!,gemma3:4b,2026-09-25T15:18:20.4713146Z,stop,What a lovely weather today!,clear_error,incorrect,What lovely weather today!,What a lovely weather today!,What lovely weather it is today!,What lovely weather today!,True,False
4,B.dev.gold.bea19:000733,Malayalam,"Regarding advertisement, technology is having a huge, and not always possitive impact on outdoor advertisement.","Regarding advertising, technology is having a huge and not always positive impact on outdoor advertisements.",gemma3:4b,2026-09-25T15:18:25.3921645Z,stop,"Regarding advertisement, technology is having a huge, and not always possitive impact on outdoor advertisement.",clear_error,incorrect,"Regarding advertising, technology is having a huge and not always positive impact on outdoor advertising.","Regarding advertisement, technology is having a huge, and not always possitive impact on outdoor advertisement.","Regarding advertising, technology is having a huge and not always positive impact on outdoor advertisements.","Regarding advertising, technology is having a huge and not always positive impact on outdoor advertising.",True,False
5,B.dev.gold.bea19:000856,Malayalam,"Furthermore, books develops imagination of reader.","Furthermore, books develop the imagination of readers.",gemma3:4b,2026-09-25T15:18:28.9114289Z,stop,"Furthermore, books develops imagination of reader.",clear_error,incorrect,"Furthermore, books develop the imagination of the reader.","Furthermore, books develops imagination of reader.","Furthermore, books develop the imagination of readers.","Furthermore, books develop the imagination of the reader.",True,False
6,B.dev.gold.bea19:000948,Malayalam,Famous people are obligated to provide their life in exemplary way.,Famous people are obligated to live an exemplary way.,gemma3:4b,2026-09-25T15:18:33.1747921Z,stop,Famous people are obligated to provide their life in exemplary way.,ambiguous_error,incorrect,Famous people are obligated to live their lives in an exemplary way.,Famous people are obligated to provide their life in exemplary way.,Famous people are obligated to live an exemplary way.,Famous people are obligated to live their lives in an exemplary way.,True,False
7,B.dev.gold.bea19:001271,Malayalam,Who would have even bothered to pay me a visit during this bloody awful weather?,Who would have even bothered to pay me a visit during this awful weather?,gemma3:4b,2026-09-25T15:18:37.6990604Z,stop,Who would have even bothered to pay me a visit during this bloody awful weather?,correct,correct,Who would have even bothered to pay me a visit during this bloody awful weather?,Who would have even bothered to pay me a visit during this bloody awful weather?,Who would have even bothered to pay me a visit during this awful weather?,Who would have even bothered to pay me a visit during this bloody awful weather?,True,False
8,B.dev.gold.bea19:000741,German,"But, technology is hre for best or worst, and we have to learn to deal with it the best we can.","But technology is here for best or worst, and we have to learn to deal with it as best we can.",gemma3:4b,2026-09-25T15:18:43.5714528Z,stop,"But, technology is hre for best or worst, and we have to learn to deal with it the best we can.",clear_error,incorrect,"But, technology is here for better or worse, and we have to learn to deal with it the best we can.","But, technology is hre for best or worst, and we have to learn to deal with it the best we can.","But technology is here for best or worst, and we have to learn to deal with it as best we can.","But, technology is here for better or worse, and we have to learn to deal with it the best we can.",True,False
9,B.dev.gold.bea19:001013,Unknown,The Guardian is a British daily newspaper which includes national and international news.,The Guardian is a British daily newspaper that includes national and international news.,gemma3:4b,2026-09-25T15:18:48.057261Z,stop,The Guardian is a British daily newspaper which includes national and international news.,correct,correct,The Guardian is a British daily newspaper which includes national and international news.,The Guardian is a British daily newspaper which includes national and international news.,The Guardian is a British daily newspaper that includes national and international news.,The Guardian is a British daily newspaper which includes national and international news.,True,False
10,B.dev.gold.bea19:000949,German,"However, they still being ordinary people, they make mistakes.","However, they still are ordinary people, they make mistakes.",gemma3:4b,2026-09-25T15:18:52.1914213Z,stop,"However, they still being ordinary people, they make mistakes.",clear_error,incorrect,"However, they are still ordinary people, and they make mistakes.","However, they still being ordinary people, they make mistakes.","However, they still are ordinary people, they make mistakes.","However, they are still ordinary people, and they make mistakes.",True,False
11,B.dev.gold.bea19:000216,Arabic,"Second, the teachers were really good skills to teach.","Second, the teachers were really good skills to teach.",gemma3:4b,2026-09-25T15:18:56.3778533Z,stop,"Second, the teachers were really good skills to teach.",clear_error,incorrect,"Second, the teachers had really good teaching skills.","Second, the teachers were really good skills to teach.","Second, the teachers were really good skills to teach.","Second, the teachers had really good teaching skills.",False,False
12,B.dev.gold.bea19:001107,Malayalam,"Is there any future to public transport, for travelling by car is much more convenient?","Is there any future for public transport, or is travelling by car much more convenient?",gemma3:4b,2026-09-25T15:19:01.731087Z,stop,"Is there any future to public transport, for travelling by car is much more convenient?",ambiguous_error,incorrect,Is there no future for public transport because travelling by car is much more convenient?,"Is there any future to public transport, for travelling by car is much more convenient?","Is there any future for public transport, or is travelling by car much more convenient?",Is there no future for public transport because travelling by car is much more convenient?,True,False
13,B.dev.gold.bea19:000436,Malayalam,"As far as I'm concerned, public transportation is the best transport media for environmental care.","As far as I’m concerned, public transportation is the best mode of transport for environmental care.",gemma3:4b,2026-09-25T15:19:07.3376551Z,stop,"As far as I'm concerned, public transportation is the best transport media for environmental care.",clear_error,incorrect,"As far as I'm concerned, public transportation is the best means of transport for the environment.","As far as I'm concerned, public transportation is the best transport media for environmental care.","As far as I'm concerned, public transportation is the best mode of transport for environmental care.","As far as I'm concerned, public transportation is the best means of transport for the environment.",True,False
14,B.dev.gold.bea19:000690,Arabic,What an unfoggetable day!,What an unforgettable day!,gemma3:4b,2026-09-25T15:19:11.0918269Z,stop,What an unfoggetable day!,clear_error,incorrect,What an unforgettable day!,What an unfoggetable day!,What an unforgettable day!,What an unforgettable day!,True,True
15,B.dev.gold.bea19:000173,Unknown,"If the partially damaged sheets are bad, they will be treated as bad sheets, which will be securely distoryed.","If the partially damaged sheets are bad, they will be treated as bad sheets, which will be securely destroyed.",gemma3:4b,2026-09-25T15:19:17.9068248Z,stop,"If the partially damaged sheets are bad, they will be treated as bad sheets, which will be securely distoryed.",clear_error,incorrect,"If the partially damaged sheets are bad, they will be treated as bad sheets, which will be securely destroyed.","If the partially damaged sheets are bad, they will be treated as bad sheets, which will be securely distoryed.","If the partially damaged sheets are bad, they will be treated as bad sheets, which will be securely destroyed.","If the partially damaged sheets are bad, they will be treated as bad sheets, which will be securely destroyed.",True,True
16,B.dev.gold.bea19:000165,German,Peple should decide the background colour and thw artwork while they have to consider the security issues.,People should decide the background color and the artwork while they have to consider the security issues.,gemma3:4b,2026-09-25T15:19:23.2806036Z,stop,Peple should decide the background colour and thw artwork while they have to consider the security issues.,clear_error,incorrect,People should decide the background colour and the artwork and they have to consider the security issues.,Peple should decide the background colour and thw artwork while they have to consider the security issues.,People should decide the background color and the artwork while they have to consider the security issues.,People should decide the background colour and the artwork and they have to consider the security issues.,True,False
17,B.dev.gold.bea19:001148,Malayalam,My curiosity had put me into a big trouble.,My curiosity has put me into a lot of trouble.,gemma3:4b,2026-09-25T15:19:27.4406803Z,stop,My curiosity had put me into a big trouble.,clear_error,incorrect,My curiosity got me into big trouble.,My curiosity had put me into a big trouble.,My curiosity has put me into a lot of trouble.,My curiosity got me into big trouble.,True,False
18,B.dev.gold.bea19:000619,Unknown,"Cycling to school, to work or to do any other activity it is not a common habit in Spain.","Cycling to school, to work, or to do any other activity is not a common habit in Spain.",gemma3:4b,2026-09-25T15:19:33.5361838Z,stop,"Cycling to school, to work or to do any other activity it is not a common habit in Spain.",clear_error,incorrect,"Cycling to school, to work or to do any other activity is not a common habit in Spain.","Cycling to school, to work or to do any other activity it is not a common habit in Spain.","Cycling to school, to work, or to do any other activity is not a common habit in Spain.","Cycling to school, to work or to do any other activity is not a common habit in Spain.",True,False
19,B.dev.gold.bea19:000020,Arabic,There are a lot of products which have to be announced and a lot of messages to report to people.,There are a lot of products that have to be announced and a lot of messages to report to people.,gemma3:4b,2026-09-25T15:19:39.5354686Z,stop,There are a lot of products which have to be announced and a lot of messages to report to people.,ambiguous_error,incorrect,There are a lot of products which have to be advertised and a lot of messages to report to people.,There are a lot of products which have to be announced and a lot of messages to report to people.,There are a lot of products that have to be announced and a lot of messages to report to people.,There are a lot of products which have to be advertised and a lot of messages to report to people.,True,False
20,B.dev.gold.bea19:000701,Arabic,Swimming is my favourite sport.,Swimming is my favorite sport.,gemma3:4b,2026-09-25T15:19:42.8830502Z,stop,Swimming is my favourite sport.,correct,correct,Swimming is my favourite sport.,Swimming is my favourite sport.,Swimming is my favorite sport.,Swimming is my favourite sport.,True,False
21,B.dev.gold.bea19:001036,Unknown,"In conclusion, I want to say that that we should keep abreast of new technologies and try to make our lives easier","In conclusion, I want to say that we should keep abreast of new technologies and try to make our lives easier.",gemma3:4b,2026-09-25T15:19:49.2958466Z,stop,"In conclusion, I want to say that that we should keep abreast of new technologies and try to make our lives easier",clear_error,incorrect,"In conclusion, I want to say that we should keep abreast of new technologies and try to make our lives easier.","In conclusion, I want to say that that we should keep abreast of new technologies and try to make our lives easier","In conclusion, I want to say that we should keep abreast of new technologies and try to make our lives easier.","In conclusion, I want to say that we should keep abreast of new technologies and try to make our lives easier.",True,True
22,B.dev.gold.bea19:000877,German,So she took a deep breath and put her doll in the attic just like her childhood memories.,"So she took a deep breath and put her doll in the attic, just like her childhood memories.",gemma3:4b,2026-09-25T15:19:54.9906942Z,stop,So she took a deep breath and put her doll in the attic just like her childhood memories.,ambiguous_error,incorrect,"So she took a deep breath and put her doll in the attic, just like her childhood memories.",So she took a deep breath and put her doll in the attic just like her childhood memories.,"So she took a deep breath and put her doll in the attic, just like her childhood memories.","So she took a deep breath and put her doll in the attic, just like her childhood memories.",True,True
23,B.dev.gold.bea19:000821,Arabic,"Firstly, we can discuss type of food we want to eat.","Firstly, we can discuss the type of food we want to eat.",gemma3:4b,2026-09-25T15:19:59.7282419Z,stop,"Firstly, we can discuss type of food we want to eat.",clear_error,incorrect,"Firstly, we can discuss the type of food we want to eat.","Firstly, we can discuss type of food we want to eat.","Firstly, we can discuss the type of food we want to eat.","Firstly, we can discuss the type of food we want to eat.",True,True
24,B.dev.gold.bea19:000619,Arabic,"Cycling to school, to work or to do any other activity it is not a common habit in Spain.","Cycling to school, to work, or to do any other activity is not a common habit in Spain.",gemma3:4b,2026-09-25T15:20:05.6562244Z,stop,"Cycling to school, to work or to do any other activity it is not a common habit in Spain.",clear_error,incorrect,"Cycling to school, to work or to do any other activity is not a common habit in Spain.","Cycling to school, to work or to do any other activity it is not a common habit in Spain.","Cycling to school, to work, or to do any other activity is not a common habit in Spain.","Cycling to school, to work or to do any other activity is not a common habit in Spain.",True,False
25,B.dev.gold.bea19:001165,Malayalam,"That is a good quality of mine, I learn thing very fast and I also can get used to new thing.","That is a good quality of mine; I learn things very fast, and I also can get used to new things.",gemma3:4b,2026-09-25T15:20:12.0435047Z,stop,"That is a good quality of mine, I learn thing very fast and I also can get used to new thing.",clear_error,incorrect,That is a good quality of mine; I learn things very fast and I can also get used to new things.,"That is a good quality of mine, I learn thing very fast and I also can get used to new thing.","That is a good quality of mine; I learn things very fast, and I also can get used to new things.",That is a good quality of mine; I learn things very fast and I can also get used to new things.,True,False
26,B.dev.gold.bea19:000032,Arabic,I really like to explore nature during summer too.,"I really like exploring nature during summer, too.",gemma3:4b,2026-09-25T15:20:16.1419553Z,stop,I really like to explore nature during summer too.,correct,correct,I really like to explore nature during summer too.,I really like to explore nature during summer too.,"I really like exploring nature during summer, too.",I really like to explore nature during summer too.,True,False
27,B.dev.gold.bea19:000733,German,"Regarding advertisement, technology is having a huge, and not always possitive impact on outdoor advertisement.","Regarding advertising, technology is having a huge and not always positive impact on outdoor advertising.",gemma3:4b,2026-09-25T15:20:21.4326593Z,stop,"Regarding advertisement, technology is having a huge, and not always possitive impact on outdoor advertisement.",clear_error,incorrect,"Regarding advertising, technology is having a huge and not always positive impact on outdoor advertising.","Regarding advertisement, technology is having a huge, and not always possitive impact on outdoor advertisement.","Regarding advertising, technology is having a huge and not always positive impact on outdoor advertising.","Regarding advertising, technology is having a huge and not always positive impact on outdoor advertising.",True,True
28,B.dev.gold.bea19:001013,German,The Guardian is a British daily newspaper which includes national and international news.,The Guardian is a British daily newspaper that includes national and international news.,gemma3:4b,2026-09-25T15:20:26.1698598Z,stop,The Guardian is a British daily newspaper which includes national and international news.,correct,correct,The Guardian is a British daily newspaper which includes national and international news.,The Guardian is a British daily newspaper which includes national and international news.,The Guardian is a British daily newspaper that includes national and international news.,The Guardian is a British daily newspaper which includes national and international news.,True,False
29,B.dev.gold.bea19:000187,Arabic,We want a happy Earth.,We want a happy Earth.,gemma3:4b,2026-09-25T15:20:29.4827255Z,stop,We want a happy Earth.,correct,correct,We want a happy Earth.,We want a happy Earth.,We want a happy Earth.,We want a happy Earth.,False,True
30,B.dev.gold.bea19:000645,Unknown,"For a passenger, however, travelling is a complete relax.","For a passenger, however, travelling is a complete relaxation.",gemma3:4b,2026-09-25T15:20:33.9231342Z,stop,"For a passenger, however, travelling is a complete relax.",clear_error,incorrect,"For a passenger, however, travelling is completely relaxing.","For a passenger, however, travelling is a complete relax.","For a passenger, however, travelling is a complete relaxation.","For a passenger, however, travelling is completely relaxing.",True,False
31,B.dev.gold.bea19:000712,Arabic,In the concert time all people can enjoy but nobody think about how they are preparing to concert.,"In the concert, everyone can enjoy, but nobody thinks about how they are preparing.",gemma3:4b,2026-09-25T15:20:39.3599727Z,stop,In the concert time all people can enjoy but nobody think about how they are preparing to concert.,ambiguous_error,incorrect,"During a concert everybody can enjoy themselves, but nobody thinks about how they prepare for a concert.",In the concert time all people can enjoy but nobody think about how they are preparing to concert.,"In the concert, everyone can enjoy, but nobody thinks about how they are preparing.","During a concert everybody can enjoy themselves, but nobody thinks about how they prepare for a concert.",True,False
32,B.dev.gold.bea19:000636,Malayalam,"As we all know, the more public transport passengers use, the less car exhausts are emitted per person.","As we all know, the more public transport passengers use, the less car emissions are emitted per person.",gemma3:4b,2026-09-25T15:20:45.4783661Z,stop,"As we all know, the more public transport passengers use, the less car exhausts are emitted per person.",clear_error,incorrect,"As we all know, the more passengers use public transport, the less car exhaust is emitted per person.","As we all know, the more public transport passengers use, the less car exhausts are emitted per person.","As we all know, the more public transport passengers use, the less car emissions are emitted per person.","As we all know, the more passengers use public transport, the less car exhaust is emitted per person.",True,False
33,B.dev.gold.bea19:000101,Malayalam,"If you tried all the activities, you would spend a great time here, in Castelldefels!","If you tried all the activities, you would spend a great time here in Castelldefels!",gemma3:4b,2026-09-25T15:20:51.1319888Z,stop,"If you tried all the activities, you would spend a great time here, in Castelldefels!",clear_error,incorrect,"If you tried all the activities, you would have a great time here in Castelldefels!","If you tried all the activities, you would spend a great time here, in Castelldefels!","If you tried all the activities, you would spend a great time here in Castelldefels!","If you tried all the activities, you would have a great time here in Castelldefels!",True,False
34,B.dev.gold.bea19:000063,Malayalam,He said he was drunk and didn't know what he was saying.,He said he was drunk and didn't know what he was saying.,gemma3:4b,2026-09-25T15:20:56.0497808Z,stop,He said he was drunk and didn't know what he was saying.,correct,correct,He said he was drunk and didn't know what he was saying.,He said he was drunk and didn't know what he was saying.,He said he was drunk and didn't know what he was saying.,He said he was drunk and didn't know what he was saying.,False,True
35,B.dev.gold.bea19:000709,German,I enjoyed helping at the concert which was in Antaya on October.,I enjoyed helping at the concert which was in Antalya on October.,gemma3:4b,2026-09-25T15:21:00.715821Z,stop,I enjoyed helping at the concert which was in Antaya on October.,clear_error,incorrect,I enjoyed helping at the concert in Antaya in October.,I enjoyed helping at the concert which was in Antaya on October.,I enjoyed helping at the concert which was in Antalya on October.,I enjoyed helping at the concert in Antaya in October.,True,False
36,B.dev.gold.bea19:000136,Unknown,"Finally, learning another language gives the learner the ability to step inside the mind and context of that other culture.","Finally, learning another language gives the learner the ability to step inside the mind and context of that other culture.",gemma3:4b,2026-09-25T15:21:07.0785822Z,stop,"Finally, learning another language gives the learner the ability to step inside the mind and context of that other culture.",correct,correct,"Finally, learning another language gives the learner the ability to step inside the mind and context of that other culture.","Finally, learning another language gives the learner the ability to step inside the mind and context of that other culture.","Finally, learning another language gives the learner the ability to step inside the mind and context of that other culture.","Finally, learning another language gives the learner the ability to step inside the mind and context of that other culture.",False,True
37,B.dev.gold.bea19:001001,German,However there are brilliant games for children.,"However, there are brilliant games for children.",gemma3:4b,2026-09-25T15:21:10.9477336Z,stop,However there are brilliant games for children.,clear_error,incorrect,"However, there are brilliant games for children.",However there are brilliant games for children.,"However, there are brilliant games for children.","However, there are brilliant games for children.",True,True
38,B.dev.gold.bea19:000567,Unknown,"From newspapers, magazines, even foreign medium, we can easily figure out that our environment is changing severely.","From newspapers, magazines, and even foreign media, we can easily see that our environment is changing severely.",gemma3:4b,2026-09-25T15:21:17.0676197Z,stop,"From newspapers, magazines, even foreign medium, we can easily figure out that our environment is changing severely.",clear_error,incorrect,"From newspapers, magazines, even foreign media, we can easily figure out that our environment is changing severely.","From newspapers, magazines, even foreign medium, we can easily figure out that our environment is changing severely.","From newspapers, magazines, and even foreign media, we can easily see that our environment is changing severely.","From newspapers, magazines, even foreign media, we can easily figure out that our environment is changing severely.",True,False
39,B.dev.gold.bea19:000187,Malayalam,We want a happy Earth.,We want a happy Earth.,gemma3:4b,2026-09-25T15:21:20.4626853Z,stop,We want a happy Earth.,correct,correct,We want a happy Earth.,We want a happy Earth.,We want a happy Earth.,We want a happy Earth.,False,True
40,B.dev.gold.bea19:000967,Malayalam,We are living in a ever changing world.,We are living in a changing world.,gemma3:4b,2026-09-25T15:21:24.3981153Z,stop,We are living in a ever changing world.,clear_error,incorrect,We are living in an ever changing world.,We are living in a ever changing world.,We are living in a changing world.,We are living in an ever changing world.,True,False
41,B.dev.gold.bea19:000990,Arabic,I've worked as social trainer and as educators since I was 16.,I've worked as a social trainer and educator since I was 16.,gemma3:4b,2026-09-25T15:21:29.8189223Z,stop,I've worked as social trainer and as educators since I was 16.,clear_error,incorrect,I've worked as a social trainer and as an educator since I was 16.,I've worked as social trainer and as educators since I was 16.,I've worked as a social trainer and educator since I was 16.,I've worked as a social trainer and as an educator since I was 16.,True,False
42,B.dev.gold.bea19:000405,Arabic,What a lovely weather today!,What lovely weather today!,gemma3:4b,2026-09-25T15:21:33.123996Z,stop,What a lovely weather today!,clear_error,incorrect,What lovely weather today!,What a lovely weather today!,What lovely weather today!,What lovely weather today!,True,True
43,B.dev.gold.bea19:000232,Arabic,It reveals that our feelings cross the boundaries of all cultures and we are connected to each other.,It reveals that our feelings cross the boundaries of all cultures and we are connected to each other.,gemma3:4b,2026-09-25T15:21:38.8516966Z,stop,It reveals that our feelings cross the boundaries of all cultures and we are connected to each other.,correct,correct,It reveals that our feelings cross the boundaries of all cultures and we are connected to each other.,It reveals that our feelings cross the boundaries of all cultures and we are connected to each other.,It reveals that our feelings cross the boundaries of all cultures and we are connected to each other.,It reveals that our feelings cross the boundaries of all cultures and we are connected to each other.,False,True
44,B.dev.gold.bea19:000436,Arabic,"As far as I'm concerned, public transportation is the best transport media for environmental care.","As far as I’m concerned, public transportation is the best mode of transport for environmental care.",gemma3:4b,2026-09-25T15:21:44.6274432Z,stop,"As far as I'm concerned, public transportation is the best transport media for environmental care.",clear_error,incorrect,"As far as I'm concerned, public transportation is the best means of transport for the environment.","As far as I'm concerned, public transportation is the best transport media for environmental care.","As far as I'm concerned, public transportation is the best mode of transport for environmental care.","As far as I'm concerned, public transportation is the best means of transport for the environment.",True,False
45,B.dev.gold.bea19:000374,Arabic,Mostly Facebook users expect their friend to respond or pay attention on what they are doing.,"Mostly, Facebook users expect their friends to respond or pay attention to what they are doing.",gemma3:4b,2026-09-25T15:21:50.1318824Z,stop,Mostly Facebook users expect their friend to respond or pay attention on what they are doing.,clear_error,incorrect,"Mostly, Facebook users expect their friends to respond or pay attention to what they are doing.",Mostly Facebook users expect their friend to respond or pay attention on what they are doing.,"Mostly, Facebook users expect their friends to respond or pay attention to what they are doing.","Mostly, Facebook users expect their friends to respond or pay attention to what they are doing.",True,True
46,B.dev.gold.bea19:000517,Arabic,Television is an important part of modern culture.,Television is an important part of modern culture.,gemma3:4b,2026-09-25T15:21:54.115594Z,stop,Television is an important part of modern culture.,correct,correct,Television is an important part of modern culture.,Television is an important part of modern culture.,Television is an important part of modern culture.,Television is an important part of modern culture.,False,True
47,B.dev.gold.bea19:001001,Unknown,However there are brilliant games for children.,"However, there are brilliant games for children.",gemma3:4b,2026-09-25T15:21:58.2293722Z,stop,However there are brilliant games for children.,clear_error,incorrect,"However, there are brilliant games for children.",However there are brilliant games for children.,"However, there are brilliant games for children.","However, there are brilliant games for children.",True,True
48,B.dev.gold.bea19:000062,Malayalam,He followed and apoligized her.,He followed and apologized to her.,gemma3:4b,2026-09-25T15:22:01.9435675Z,stop,He followed and apoligized her.,clear_error,incorrect,He followed and apologized to her.,He followed and apoligized her.,He followed and apologized to her.,He followed and apologized to her.,True,True
49,B.dev.gold.bea19:001038,German,"This day was full of joy and happiness, but something went wrong after when she told him that she is pregnant.","This day was full of joy and happiness, but something went wrong after she told him that she was pregnant.",gemma3:4b,2026-09-25T15:22:08.3620509Z,stop,"This day was full of joy and happiness, but something went wrong after when she told him that she is pregnant.",clear_error,incorrect,"This day was full of joy and happiness, but something went wrong when she told him that she was pregnant.","This day was full of joy and happiness, but something went wrong after when she told him that she is pregnant.","This day was full of joy and happiness, but something went wrong after she told him that she was pregnant.","This day was full of joy and happiness, but something went wrong when she told him that she was pregnant.",True,False
50,B.dev.gold.bea19:000705,Arabic,"Swimming has different types; dolphin, crawl, backstroke and breast stroke.","Swimming has different types: dolphin, crawl, backstroke, and breaststroke.",gemma3:4b,2026-09-25T15:22:13.603223Z,stop,"Swimming has different types; dolphin, crawl, backstroke and breast stroke.",ambiguous_error,incorrect,"Swimming has different styles; dolphin, crawl, backstroke and breast stroke.","Swimming has different types; dolphin, crawl, backstroke and breast stroke.","Swimming has different types: dolphin, crawl, backstroke, and breaststroke.","Swimming has different styles; dolphin, crawl, backstroke and breast stroke.",True,False
51,B.dev.gold.bea19:000619,German,"Cycling to school, to work or to do any other activity it is not a common habit in Spain.","Cycling to school, to work, or to do any other activity is not a common habit in Spain.",gemma3:4b,2026-09-25T15:22:19.7167666Z,stop,"Cycling to school, to work or to do any other activity it is not a common habit in Spain.",clear_error,incorrect,"Cycling to school, to work or to do any other activity is not a common habit in Spain.","Cycling to school, to work or to do any other activity it is not a common habit in Spain.","Cycling to school, to work, or to do any other activity is not a common habit in Spain.","Cycling to school, to work or to do any other activity is not a common habit in Spain.",True,False
52,B.dev.gold.bea19:000254,German,"Although I am a young girl, I think I am a quialified person for the post.","Although I am a young girl, I think I am a qualified person for the post.",gemma3:4b,2026-09-25T15:22:25.3603144Z,stop,"Although I am a young girl, I think I am a quialified person for the post.",clear_error,incorrect,"Although I am a young girl, I think I am a qualified person for the post.","Although I am a young girl, I think I am a quialified person for the post.","Although I am a young girl, I think I am a qualified person for the post.","Although I am a young girl, I think I am a qualified person for the post.",True,True
53,B.dev.gold.bea19:001038,Malayalam,"This day was full of joy and happiness, but something went wrong after when she told him that she is pregnant.","This day was full of joy and happiness, but something went wrong after she told him that she was pregnant.",gemma3:4b,2026-09-25T15:22:31.7293569Z,stop,"This day was full of joy and happiness, but something went wrong after when she told him that she is pregnant.",clear_error,incorrect,"This day was full of joy and happiness, but something went wrong when she told him that she was pregnant.","This day was full of joy and happiness, but something went wrong after when she told him that she is pregnant.","This day was full of joy and happiness, but something went wrong after she told him that she was pregnant.","This day was full of joy and happiness, but something went wrong when she told him that she was pregnant.",True,False
54,B.dev.gold.bea19:000107,Unknown,"Well, the airport is located just outside Reus, it's small but it has a lot of servicies and transport.","Well, the airport is located just outside Reus; it’s small but it has a lot of services and transport.",gemma3:4b,2026-09-25T15:22:38.8136296Z,stop,"Well, the airport is located just outside Reus, it's small but it has a lot of servicies and transport.",clear_error,incorrect,"Well, the airport is located just outside Reus. It's small but it has a lot of services and transport.","Well, the airport is located just outside Reus, it's small but it has a lot of servicies and transport.","Well, the airport is located just outside Reus; it's small but it has a lot of services and transport.","Well, the airport is located just outside Reus. It's small but it has a lot of services and transport.",True,False
55,B.dev.gold.bea19:000636,German,"As we all know, the more public transport passengers use, the less car exhausts are emitted per person.","As we all know, the more public transport passengers use, the less car exhaust emissions are per person.",gemma3:4b,2026-09-25T15:22:45.0381469Z,stop,"As we all know, the more public transport passengers use, the less car exhausts are emitted per person.",clear_error,incorrect,"As we all know, the more passengers use public transport, the less car exhaust is emitted per person.","As we all know, the more public transport passengers use, the less car exhausts are emitted per person.","As we all know, the more public transport passengers use, the less car exhaust emissions are per person.","As we all know, the more passengers use public transport, the less car exhaust is emitted per person.",True,False
56,B.dev.gold.bea19:000511,Unknown,"Priority seats, are preserved to those who need, not only elders but also some adult need it.","Priority seats are preserved to those who need them, not only elders but also some adults.",gemma3:4b,2026-09-25T15:22:50.8851248Z,stop,"Priority seats, are preserved to those who need, not only elders but also some adult need it.",clear_error,incorrect,"Priority seats are reserved for those who need them, not only elderly people but also some adults need them.","Priority seats, are preserved to those who need, not only elders but also some adult need it.","Priority seats are preserved to those who need them, not only elders but also some adults.","Priority seats are reserved for those who need them, not only elderly people but also some adults need them.",True,False
57,B.dev.gold.bea19:000709,Unknown,I enjoyed helping at the concert which was in Antaya on October.,I enjoyed helping at the concert which was in Antalya on October.,gemma3:4b,2026-09-25T15:22:56.4010852Z,stop,I enjoyed helping at the concert which was in Antaya on October.,clear_error,incorrect,I enjoyed helping at the concert in Antaya in October.,I enjoyed helping at the concert which was in Antaya on October.,I enjoyed helping at the concert which was in Antalya on October.,I enjoyed helping at the concert in Antaya in October.,True,False
58,B.dev.gold.bea19:000101,German,"If you tried all the activities, you would spend a great time here, in Castelldefels!","If you tried all the activities, you would have a great time here in Castelldefels!",gemma3:4b,2026-09-25T15:23:02.6268089Z,stop,"If you tried all the activities, you would spend a great time here, in Castelldefels!",clear_error,incorrect,"If you tried all the activities, you would have a great time here in Castelldefels!","If you tried all the activities, you would spend a great time here, in Castelldefels!","If you tried all the activities, you would have a great time here in Castelldefels!","If you tried all the activities, you would have a great time here in Castelldefels!",True,True
59,B.dev.gold.bea19:000619,Malayalam,"Cycling to school, to work or to do any other activity it is not a common habit in Spain.","Cycling to school, to work, or to do any other activity, it is not a common habit in Spain.",gemma3:4b,2026-09-25T15:23:09.241426Z,stop,"Cycling to school, to work or to do any other activity it is not a common habit in Spain.",clear_error,incorrect,"Cycling to school, to work or to do any other activity is not a common habit in Spain.","Cycling to school, to work or to do any other activity it is not a common habit in Spain.","Cycling to school, to work, or to do any other activity, it is not a common habit in Spain.","Cycling to school, to work or to do any other activity is not a common habit in Spain.",True,False
60,B.dev.gold.bea19:000993,Malayalam,I had a very great memories of these experiences and I would really like to live them again.,I have very good memories of these experiences and I would really like to relive them.,gemma3:4b,2026-09-25T15:23:14.8312292Z,stop,I had a very great memories of these experiences and I would really like to live them again.,clear_error,incorrect,I have really great memories of these experiences and I would really like to relive them.,I had a very great memories of these experiences and I would really like to live them again.,I have very good memories of these experiences and I would really like to relive them.,I have really great memories of these experiences and I would really like to relive them.,True,False
61,B.dev.gold.bea19:000226,Arabic,I am keen on cinema thus I love to watch all types of fims.,"I am keen on cinema, thus I love to watch all types of films.",gemma3:4b,2026-09-25T15:23:20.2012941Z,stop,I am keen on cinema thus I love to watch all types of fims.,clear_error,incorrect,I am keen on cinema and I love to watch all types of films.,I am keen on cinema thus I love to watch all types of fims.,"I am keen on cinema, thus I love to watch all types of films.",I am keen on cinema and I love to watch all types of films.,True,False
62,B.dev.gold.bea19:001107,German,"Is there any future to public transport, for travelling by car is much more convenient?","Is there any future for public transport, considering travelling by car is much more convenient?",gemma3:4b,2026-09-25T15:23:26.0721446Z,stop,"Is there any future to public transport, for travelling by car is much more convenient?",ambiguous_error,incorrect,Is there no future for public transport because travelling by car is much more convenient?,"Is there any future to public transport, for travelling by car is much more convenient?","Is there any future for public transport, considering travelling by car is much more convenient?",Is there no future for public transport because travelling by car is much more convenient?,True,False
63,B.dev.gold.bea19:000358,Unknown,"Unsurprisingly, social consequences of Facebook and Twitter plays an important role in communication, regardless of distance or time.","Unsurprisingly, the social consequences of Facebook and Twitter play an important role in communication, regardless of distance or time.",gemma3:4b,2026-09-25T15:23:32.9489765Z,stop,"Unsurprisingly, social consequences of Facebook and Twitter plays an important role in communication, regardless of distance or time.",clear_error,incorrect,"Unsurprisingly, the social consequences of Facebook and Twitter play an important role in communication, regardless of distance or time.","Unsurprisingly, social consequences of Facebook and Twitter plays an important role in communication, regardless of distance or time.","Unsurprisingly, the social consequences of Facebook and Twitter play an important role in communication, regardless of distance or time.","Unsurprisingly, the social consequences of Facebook and Twitter play an important role in communication, regardless of distance or time.",True,True
64,B.dev.gold.bea19:000187,Unknown,We want a happy Earth.,We want a happy Earth.,gemma3:4b,2026-09-25T15:23:36.7930804Z,stop,We want a happy Earth.,correct,correct,We want a happy Earth.,We want a happy Earth.,We want a happy Earth.,We want a happy Earth.,False,True
65,B.dev.gold.bea19:000511,Arabic,"Priority seats, are preserved to those who need, not only elders but also some adult need it.","Priority seats are preserved to those who need them, not only elders but also some adults.",gemma3:4b,2026-09-25T15:23:42.6933474Z,stop,"Priority seats, are preserved to those who need, not only elders but also some adult need it.",clear_error,incorrect,"Priority seats are reserved for those who need them, not only elderly people but also some adults need them.","Priority seats, are preserved to those who need, not only elders but also some adult need it.","Priority seats are preserved to those who need them, not only elders but also some adults.","Priority seats are reserved for those who need them, not only elderly people but also some adults need them.",True,False
66,B.dev.gold.bea19:001036,German,"In conclusion, I want to say that that we should keep abreast of new technologies and try to make our lives easier","In conclusion, I want to say that we should keep abreast of new technologies and try to make our lives easier.",gemma3:4b,2026-09-25T15:23:49.3743762Z,stop,"In conclusion, I want to say that that we should keep abreast of new technologies and try to make our lives easier",clear_error,incorrect,"In conclusion, I want to say that we should keep abreast of new technologies and try to make our lives easier.","In conclusion, I want to say that that we should keep abreast of new technologies and try to make our lives easier","In conclusion, I want to say that we should keep abreast of new technologies and try to make our lives easier.","In conclusion, I want to say that we should keep abreast of new technologies and try to make our lives easier.",True,True
67,B.dev.gold.bea19:000433,Malayalam,It would definitely help you to grow and improve as a person.,It would definitely help you to grow and improve.,gemma3:4b,2026-09-25T15:23:53.7323825Z,stop,It would definitely help you to grow and improve as a person.,correct,correct,It would definitely help you to grow and improve as a person.,It would definitely help you to grow and improve as a person.,It would definitely help you to grow and improve.,It would definitely help you to grow and improve as a person.,True,False
68,B.dev.gold.bea19:000149,Malayalam,"The delivery was wrong, so now I am a huge hurry because I need my mobile to work every day.","The delivery was wrong, so now I’m in a huge hurry because I need my mobile to work every day.",gemma3:4b,2026-09-25T15:24:00.6977601Z,stop,"The delivery was wrong, so now I am a huge hurry because I need my mobile to work every day.",clear_error,incorrect,"The delivery was wrong, so now I am in a huge hurry because I need my mobile to work every day.","The delivery was wrong, so now I am a huge hurry because I need my mobile to work every day.","The delivery was wrong, so now I'm in a huge hurry because I need my mobile to work every day.","The delivery was wrong, so now I am in a huge hurry because I need my mobile to work every day.",True,False
69,B.dev.gold.bea19:000358,Arabic,"Unsurprisingly, social consequences of Facebook and Twitter plays an important role in communication, regardless of distance or time.","Unsurprisingly, the social consequences of Facebook and Twitter play an important role in communication, regardless of distance or time.",gemma3:4b,2026-09-25T15:24:07.4541567Z,stop,"Unsurprisingly, social consequences of Facebook and Twitter plays an important role in communication, regardless of distance or time.",clear_error,incorrect,"Unsurprisingly, the social consequences of Facebook and Twitter play an important role in communication, regardless of distance or time.","Unsurprisingly, social consequences of Facebook and Twitter plays an important role in communication, regardless of distance or time.","Unsurprisingly, the social consequences of Facebook and Twitter play an important role in communication, regardless of distance or time.","Unsurprisingly, the social consequences of Facebook and Twitter play an important role in communication, regardless of distance or time.",True,True
70,B.dev.gold.bea19:001165,German,"That is a good quality of mine, I learn thing very fast and I also can get used to new thing.","That is a good quality of mine; I learn things very fast, and I also can get used to new things.",gemma3:4b,2026-09-25T15:24:14.5073376Z,stop,"That is a good quality of mine, I learn thing very fast and I also can get used to new thing.",clear_error,incorrect,That is a good quality of mine; I learn things very fast and I can also get used to new things.,"That is a good quality of mine, I learn thing very fast and I also can get used to new thing.","That is a good quality of mine; I learn things very fast, and I also can get used to new things.",That is a good quality of mine; I learn things very fast and I can also get used to new things.,True,False
71,B.dev.gold.bea19:000226,Malayalam,I am keen on cinema thus I love to watch all types of fims.,"I am keen on cinema, thus I love to watch all types of films.",gemma3:4b,2026-09-25T15:24:20.0596413Z,stop,I am keen on cinema thus I love to watch all types of fims.,clear_error,incorrect,I am keen on cinema and I love to watch all types of films.,I am keen on cinema thus I love to watch all types of fims.,"I am keen on cinema, thus I love to watch all types of films.",I am keen on cinema and I love to watch all types of films.,True,False
72,B.dev.gold.bea19:000949,Unknown,"However, they still being ordinary people, they make mistakes.","However, they still are ordinary people who make mistakes.",gemma3:4b,2026-09-25T15:24:25.4047894Z,stop,"However, they still being ordinary people, they make mistakes.",clear_error,incorrect,"However, they are still ordinary people, and they make mistakes.","However, they still being ordinary people, they make mistakes.","However, they still are ordinary people who make mistakes.","However, they are still ordinary people, and they make mistakes.",True,False
73,B.dev.gold.bea19:000173,German,"If the partially damaged sheets are bad, they will be treated as bad sheets, which will be securely distoryed.","If the partially damaged sheets are bad, they will be treated as bad sheets, which will be securely destroyed.",gemma3:4b,2026-09-25T15:24:32.379791Z,stop,"If the partially damaged sheets are bad, they will be treated as bad sheets, which will be securely distoryed.",clear_error,incorrect,"If the partially damaged sheets are bad, they will be treated as bad sheets, which will be securely destroyed.","If the partially damaged sheets are bad, they will be treated as bad sheets, which will be securely distoryed.","If the partially damaged sheets are bad, they will be treated as bad sheets, which will be securely destroyed.","If the partially damaged sheets are bad, they will be treated as bad sheets, which will be securely destroyed.",True,True
74,B.dev.gold.bea19:000578,Malayalam,"Everyone lives in despair, but can not find the entrance to brightness.","Everyone lives in despair, but cannot find the entrance to brightness.",gemma3:4b,2026-09-25T15:24:38.0732091Z,stop,"Everyone lives in despair, but can not find the entrance to brightness.",ambiguous_error,incorrect,"Everyone will live in despair, but be unable to find the entrance to brightness.","Everyone lives in despair, but can not find the entrance to brightness.","Everyone lives in despair, but cannot find the entrance to brightness.","Everyone will live in despair, but be unable to find the entrance to brightness.",True,False
75,B.dev.gold.bea19:000690,Malayalam,What an unfoggetable day!,What an unforgettable day!,gemma3:4b,2026-09-25T15:24:42.1270749Z,stop,What an unfoggetable day!,clear_error,incorrect,What an unforgettable day!,What an unfoggetable day!,What an unforgettable day!,What an unforgettable day!,True,True
76,B.dev.gold.bea19:000745,Arabic,"If I had this house, I would decorat it in modern stayl.","If I had this house, I would decorate it in a modern style.",gemma3:4b,2026-09-25T15:24:47.8701025Z,stop,"If I had this house, I would decorat it in modern stayl.",clear_error,incorrect,"If I had this house, I would decorate it in a modern style.","If I had this house, I would decorat it in modern stayl.","If I had this house, I would decorate it in a modern style.","If I had this house, I would decorate it in a modern style.",True,True
77,B.dev.gold.bea19:000709,Malayalam,I enjoyed helping at the concert which was in Antaya on October.,I enjoyed helping at the concert which was in Antaya in October.,gemma3:4b,2026-09-25T15:24:53.5019023Z,stop,I enjoyed helping at the concert which was in Antaya on October.,clear_error,incorrect,I enjoyed helping at the concert in Antaya in October.,I enjoyed helping at the concert which was in Antaya on October.,I enjoyed helping at the concert which was in Antaya in October.,I enjoyed helping at the concert in Antaya in October.,True,False
78,B.dev.gold.bea19:000690,Unknown,What an unfoggetable day!,What an unforgettable day!,gemma3:4b,2026-09-25T15:24:57.2157448Z,stop,What an unfoggetable day!,clear_error,incorrect,What an unforgettable day!,What an unfoggetable day!,What an unforgettable day!,What an unforgettable day!,True,True
79,B.dev.gold.bea19:000433,Arabic,It would definitely help you to grow and improve as a person.,It would definitely help you to grow and improve.,gemma3:4b,2026-09-25T15:25:02.1325055Z,stop,It would definitely help you to grow and improve as a person.,correct,correct,It would definitely help you to grow and improve as a person.,It would definitely help you to grow and improve as a person.,It would definitely help you to grow and improve.,It would definitely help you to grow and improve as a person.,True,False
80,B.dev.gold.bea19:000821,German,"Firstly, we can discuss type of food we want to eat.","Firstly, we can discuss the type of food we want to eat.",gemma3:4b,2026-09-25T15:25:07.6515231Z,stop,"Firstly, we can discuss type of food we want to eat.",clear_error,incorrect,"Firstly, we can discuss the type of food we want to eat.","Firstly, we can discuss type of food we want to eat.","Firstly, we can discuss the type of food we want to eat.","Firstly, we can discuss the type of food we want to eat.",True,True
81,B.dev.gold.bea19:001214,Malayalam,"That is very good idea, because that robbish undergo a recycling.","That is a very good idea, because that rubbish undergoes recycling.",gemma3:4b,2026-09-25T15:25:13.4282482Z,stop,"That is very good idea, because that robbish undergo a recycling.",clear_error,incorrect,"That is a very good idea, because that rubbish undergoes recycling.","That is very good idea, because that robbish undergo a recycling.","That is a very good idea, because that rubbish undergoes recycling.","That is a very good idea, because that rubbish undergoes recycling.",True,True
82,B.dev.gold.bea19:000511,German,"Priority seats, are preserved to those who need, not only elders but also some adult need it.","Priority seats are preserved to those who need them, not only elders but also some adults.",gemma3:4b,2026-09-25T15:25:21.8500835Z,stop,"Priority seats, are preserved to those who need, not only elders but also some adult need it.",clear_error,incorrect,"Priority seats are reserved for those who need them, not only elderly people but also some adults need them.","Priority seats, are preserved to those who need, not only elders but also some adult need it.","Priority seats are preserved to those who need them, not only elders but also some adults.","Priority seats are reserved for those who need them, not only elderly people but also some adults need them.",True,False
83,B.dev.gold.bea19:000517,Unknown,Television is an important part of modern culture.,Television is an important part of modern culture.,gemma3:4b,2026-09-25T15:25:28.1517811Z,stop,Television is an important part of modern culture.,correct,correct,Television is an important part of modern culture.,Television is an important part of modern culture.,Television is an important part of modern culture.,Television is an important part of modern culture.,False,True
84,B.dev.gold.bea19:000187,German,We want a happy Earth.,We want a happy Earth.,gemma3:4b,2026-09-25T15:25:32.0100211Z,stop,We want a happy Earth.,correct,correct,We want a happy Earth.,We want a happy Earth.,We want a happy Earth.,We want a happy Earth.,False,True
85,B.dev.gold.bea19:000948,German,Famous people are obligated to provide their life in exemplary way.,Famous people are obligated to live exemplary lives.,gemma3:4b,2026-09-25T15:25:37.7457981Z,stop,Famous people are obligated to provide their life in exemplary way.,ambiguous_error,incorrect,Famous people are obligated to live their lives in an exemplary way.,Famous people are obligated to provide their life in exemplary way.,Famous people are obligated to live exemplary lives.,Famous people are obligated to live their lives in an exemplary way.,True,False
86,B.dev.gold.bea19:000745,Malayalam,"If I had this house, I would decorat it in modern stayl.","If I had this house, I would decorate it in a modern style.",gemma3:4b,2026-09-25T15:25:45.640915Z,stop,"If I had this house, I would decorat it in modern stayl.",clear_error,incorrect,"If I had this house, I would decorate it in a modern style.","If I had this house, I would decorat it in modern stayl.","If I had this house, I would decorate it in a modern style.","If I had this house, I would decorate it in a modern style.",True,True
87,B.dev.gold.bea19:000712,Malayalam,In the concert time all people can enjoy but nobody think about how they are preparing to concert.,"In the concert, all people can enjoy, but nobody thinks about how they are preparing for it.",gemma3:4b,2026-09-25T15:25:53.6344621Z,stop,In the concert time all people can enjoy but nobody think about how they are preparing to concert.,ambiguous_error,incorrect,"During a concert everybody can enjoy themselves, but nobody thinks about how they prepare for a concert.",In the concert time all people can enjoy but nobody think about how they are preparing to concert.,"In the concert, all people can enjoy, but nobody thinks about how they are preparing for it.","During a concert everybody can enjoy themselves, but nobody thinks about how they prepare for a concert.",True,False
88,B.dev.gold.bea19:001057,Unknown,"They both knew that they love each other and they care about each other, but it was too much for him.","They both knew that they loved each other and cared about each other, but it was too much for him.",gemma3:4b,2026-09-25T15:26:01.1282004Z,stop,"They both knew that they love each other and they care about each other, but it was too much for him.",ambiguous_error,incorrect,"They both knew that they loved each other and they cared about each other, but it was too much for him.","They both knew that they love each other and they care about each other, but it was too much for him.","They both knew that they loved each other and cared about each other, but it was too much for him.","They both knew that they loved each other and they cared about each other, but it was too much for him.",True,False
89,B.dev.gold.bea19:000149,Arabic,"The delivery was wrong, so now I am a huge hurry because I need my mobile to work every day.","The delivery was wrong, so now I am in a hurry because I need my mobile to work every day.",gemma3:4b,2026-09-25T15:26:08.8388645Z,stop,"The delivery was wrong, so now I am a huge hurry because I need my mobile to work every day.",clear_error,incorrect,"The delivery was wrong, so now I am in a huge hurry because I need my mobile to work every day.","The delivery was wrong, so now I am a huge hurry because I need my mobile to work every day.","The delivery was wrong, so now I am in a hurry because I need my mobile to work every day.","The delivery was wrong, so now I am in a huge hurry because I need my mobile to work every day.",True,False
90,B.dev.gold.bea19:001214,Arabic,"That is very good idea, because that robbish undergo a recycling.","That is a very good idea, because that rubbish undergoes recycling.",gemma3:4b,2026-09-25T15:26:15.3372528Z,stop,"That is very good idea, because that robbish undergo a recycling.",clear_error,incorrect,"That is a very good idea, because that rubbish undergoes recycling.","That is very good idea, because that robbish undergo a recycling.","That is a very good idea, because that rubbish undergoes recycling.","That is a very good idea, because that rubbish undergoes recycling.",True,True
91,B.dev.gold.bea19:001271,Arabic,Who would have even bothered to pay me a visit during this bloody awful weather?,Who would have even bothered to pay me a visit during this awful weather?,gemma3:4b,2026-09-25T15:26:23.9368334Z,stop,Who would have even bothered to pay me a visit during this bloody awful weather?,correct,correct,Who would have even bothered to pay me a visit during this bloody awful weather?,Who would have even bothered to pay me a visit during this bloody awful weather?,Who would have even bothered to pay me a visit during this awful weather?,Who would have even bothered to pay me a visit during this bloody awful weather?,True,False
92,B.dev.gold.bea19:000993,Unknown,I had a very great memories of these experiences and I would really like to live them again.,I have very good memories of these experiences and I would really like to relive them.,gemma3:4b,2026-09-25T15:26:32.1398439Z,stop,I had a very great memories of these experiences and I would really like to live them again.,clear_error,incorrect,I have really great memories of these experiences and I would really like to relive them.,I had a very great memories of these experiences and I would really like to live them again.,I have very good memories of these experiences and I would really like to relive them.,I have really great memories of these experiences and I would really like to relive them.,True,False
93,B.dev.gold.bea19:000967,Unknown,We are living in a ever changing world.,We are living in a changing world.,gemma3:4b,2026-09-25T15:26:37.5745817Z,stop,We are living in a ever changing world.,clear_error,incorrect,We are living in an ever changing world.,We are living in a ever changing world.,We are living in a changing world.,We are living in an ever changing world.,True,False
94,B.dev.gold.bea19:000486,Unknown,Moreover navy wars were represented in order to celebrate Roman army.,"Moreover, naval wars were represented in order to celebrate the Roman army.",gemma3:4b,2026-09-25T15:26:43.5882728Z,stop,Moreover navy wars were represented in order to celebrate Roman army.,ambiguous_error,incorrect,"In addition, naval wars were represented in order to celebrate the Roman army.",Moreover navy wars were represented in order to celebrate Roman army.,"Moreover, naval wars were represented in order to celebrate the Roman army.","In addition, naval wars were represented in order to celebrate the Roman army.",True,False
95,B.dev.gold.bea19:000856,Arabic,"Furthermore, books develops imagination of reader.","Furthermore, books develop the imagination of readers.",gemma3:4b,2026-09-25T15:26:48.3386516Z,stop,"Furthermore, books develops imagination of reader.",clear_error,incorrect,"Furthermore, books develop the imagination of the reader.","Furthermore, books develops imagination of reader.","Furthermore, books develop the imagination of readers.","Furthermore, books develop the imagination of the reader.",True,False
96,B.dev.gold.bea19:000701,German,Swimming is my favourite sport.,Swimming is my favorite sport.,gemma3:4b,2026-09-25T15:26:52.765655Z,stop,Swimming is my favourite sport.,correct,correct,Swimming is my favourite sport.,Swimming is my favourite sport.,Swimming is my favorite sport.,Swimming is my favourite sport.,True,False
97,B.dev.gold.bea19:000063,Unknown,He said he was drunk and didn't know what he was saying.,He said he was drunk and didn't know what he was saying.,gemma3:4b,2026-09-25T15:26:59.4451349Z,stop,He said he was drunk and didn't know what he was saying.,correct,correct,He said he was drunk and didn't know what he was saying.,He said he was drunk and didn't know what he was saying.,He said he was drunk and didn't know what he was saying.,He said he was drunk and didn't know what he was saying.,False,True
98,B.dev.gold.bea19:001214,German,"That is very good idea, because that robbish undergo a recycling.","That is a very good idea, because that rubbish undergoes recycling.",gemma3:4b,2026-09-25T15:27:05.455289Z,stop,"That is very good idea, because that robbish undergo a recycling.",clear_error,incorrect,"That is a very good idea, because that rubbish undergoes recycling.","That is very good idea, because that robbish undergo a recycling.","That is a very good idea, because that rubbish undergoes recycling.","That is a very good idea, because that rubbish undergoes recycling.",True,True
99,B.dev.gold.bea19:000741,Arabic,"But, technology is hre for best or worst, and we have to learn to deal with it the best we can.","But technology is here for best or worst, and we have to learn to deal with it as best we can.",gemma3:4b,2026-09-25T15:27:14.056218Z,stop,"But, technology is hre for best or worst, and we have to learn to deal with it the best we can.",clear_error,incorrect,"But, technology is here for better or worse, and we have to learn to deal with it the best we can.","But, technology is hre for best or worst, and we have to learn to deal with it the best we can.","But technology is here for best or worst, and we have to learn to deal with it as best we can.","But, technology is here for better or worse, and we have to learn to deal with it the best we can.",True,False
100,B.dev.gold.bea19:000517,German,Television is an important part of modern culture.,Television is an important part of modern culture.,gemma3:4b,2026-09-25T15:27:19.3443224Z,stop,Television is an important part of modern culture.,correct,correct,Television is an important part of modern culture.,Television is an important part of modern culture.,Television is an important part of modern culture.,Television is an important part of modern culture.,False,True
101,B.dev.gold.bea19:000856,German,"Furthermore, books develops imagination of reader.","Furthermore, books develop the imagination of readers.",gemma3:4b,2026-09-25T15:27:24.7300782Z,stop,"Furthermore, books develops imagination of reader.",clear_error,incorrect,"Furthermore, books develop the imagination of the reader.","Furthermore, books develops imagination of reader.","Furthermore, books develop the imagination of readers.","Furthermore, books develop the imagination of the reader.",True,False
102,B.dev.gold.bea19:001007,German,Nothing is impossible in life but not doubt it is not easy to find sincere friends.,"Nothing is impossible in life, but don't doubt it is not easy to find sincere friends.",gemma3:4b,2026-09-25T15:27:32.7851674Z,stop,Nothing is impossible in life but not doubt it is not easy to find sincere friends.,clear_error,incorrect,"Nothing is impossible in life, but it is not easy to find sincere friends.",Nothing is impossible in life but not doubt it is not easy to find sincere friends.,"Nothing is impossible in life, but don't doubt it is not easy to find sincere friends.","Nothing is impossible in life, but it is not easy to find sincere friends.",True,False
103,B.dev.gold.bea19:001013,Malayalam,The Guardian is a British daily newspaper which includes national and international news.,The Guardian is a British daily newspaper that includes national and international news.,gemma3:4b,2026-09-25T15:27:39.4645016Z,stop,The Guardian is a British daily newspaper which includes national and international news.,correct,correct,The Guardian is a British daily newspaper which includes national and international news.,The Guardian is a British daily newspaper which includes national and international news.,The Guardian is a British daily newspaper that includes national and international news.,The Guardian is a British daily newspaper which includes national and international news.,True,False
104,B.dev.gold.bea19:000486,Arabic,Moreover navy wars were represented in order to celebrate Roman army.,"Moreover, naval wars were represented in order to celebrate the Roman army.",gemma3:4b,2026-09-25T15:27:45.5602755Z,stop,Moreover navy wars were represented in order to celebrate Roman army.,ambiguous_error,incorrect,"In addition, naval wars were represented in order to celebrate the Roman army.",Moreover navy wars were represented in order to celebrate Roman army.,"Moreover, naval wars were represented in order to celebrate the Roman army.","In addition, naval wars were represented in order to celebrate the Roman army.",True,False
105,B.dev.gold.bea19:000690,German,What an unfoggetable day!,What an unforgettably day!,gemma3:4b,2026-09-25T15:27:50.24335Z,stop,What an unfoggetable day!,clear_error,incorrect,What an unforgettable day!,What an unfoggetable day!,What an unforgettably day!,What an unforgettable day!,True,False
106,B.dev.gold.bea19:000216,German,"Second, the teachers were really good skills to teach.","Second, the teachers were really good skills to teach.",gemma3:4b,2026-09-25T15:27:55.9291903Z,stop,"Second, the teachers were really good skills to teach.",clear_error,incorrect,"Second, the teachers had really good teaching skills.","Second, the teachers were really good skills to teach.","Second, the teachers were really good skills to teach.","Second, the teachers had really good teaching skills.",False,False
107,B.dev.gold.bea19:000948,Unknown,Famous people are obligated to provide their life in exemplary way.,Famous people are obligated to live exemplary lives.,gemma3:4b,2026-09-25T15:28:01.4003733Z,stop,Famous people are obligated to provide their life in exemplary way.,ambiguous_error,incorrect,Famous people are obligated to live their lives in an exemplary way.,Famous people are obligated to provide their life in exemplary way.,Famous people are obligated to live exemplary lives.,Famous people are obligated to live their lives in an exemplary way.,True,False
108,B.dev.gold.bea19:000741,Malayalam,"But, technology is hre for best or worst, and we have to learn to deal with it the best we can.","But technology is here for best or worst, and we have to learn to deal with it as best we can.",gemma3:4b,2026-09-25T15:28:09.4226235Z,stop,"But, technology is hre for best or worst, and we have to learn to deal with it the best we can.",clear_error,incorrect,"But, technology is here for better or worse, and we have to learn to deal with it the best we can.","But, technology is hre for best or worst, and we have to learn to deal with it the best we can.","But technology is here for best or worst, and we have to learn to deal with it as best we can.","But, technology is here for better or worse, and we have to learn to deal with it the best we can.",True,False
109,B.dev.gold.bea19:000578,Unknown,"Everyone lives in despair, but can not find the entrance to brightness.","Everyone lives in despair, but cannot find the entrance to brightness.",gemma3:4b,2026-09-25T15:28:15.2945778Z,stop,"Everyone lives in despair, but can not find the entrance to brightness.",ambiguous_error,incorrect,"Everyone will live in despair, but be unable to find the entrance to brightness.","Everyone lives in despair, but can not find the entrance to brightness.","Everyone lives in despair, but cannot find the entrance to brightness.","Everyone will live in despair, but be unable to find the entrance to brightness.",True,False
110,B.dev.gold.bea19:001036,Malayalam,"In conclusion, I want to say that that we should keep abreast of new technologies and try to make our lives easier","In conclusion, I want to say that we should keep abreast of new technologies and try to make our lives easier.",gemma3:4b,2026-09-25T15:28:24.1429598Z,stop,"In conclusion, I want to say that that we should keep abreast of new technologies and try to make our lives easier",clear_error,incorrect,"In conclusion, I want to say that we should keep abreast of new technologies and try to make our lives easier.","In conclusion, I want to say that that we should keep abreast of new technologies and try to make our lives easier","In conclusion, I want to say that we should keep abreast of new technologies and try to make our lives easier.","In conclusion, I want to say that we should keep abreast of new technologies and try to make our lives easier.",True,True
111,B.dev.gold.bea19:001173,Unknown,We found a pharmacy and a restroom where we could get a rest and take a shower to clean ourselves.,We found a pharmacy and a restroom where we could rest and take a shower to clean ourselves.,gemma3:4b,2026-09-25T15:28:32.4505546Z,stop,We found a pharmacy and a restroom where we could get a rest and take a shower to clean ourselves.,clear_error,incorrect,We found a pharmacy and a restroom where we could have a rest and take a shower to clean ourselves.,We found a pharmacy and a restroom where we could get a rest and take a shower to clean ourselves.,We found a pharmacy and a restroom where we could rest and take a shower to clean ourselves.,We found a pharmacy and a restroom where we could have a rest and take a shower to clean ourselves.,True,False
112,B.dev.gold.bea19:000226,German,I am keen on cinema thus I love to watch all types of fims.,"I am keen on cinema, thus I love to watch all types of films.",gemma3:4b,2026-09-25T15:28:38.7206516Z,stop,I am keen on cinema thus I love to watch all types of fims.,clear_error,incorrect,I am keen on cinema and I love to watch all types of films.,I am keen on cinema thus I love to watch all types of fims.,"I am keen on cinema, thus I love to watch all types of films.",I am keen on cinema and I love to watch all types of films.,True,False
113,B.dev.gold.bea19:000967,Arabic,We are living in a ever changing world.,We are living in a changing world.,gemma3:4b,2026-09-25T15:28:43.5431457Z,stop,We are living in a ever changing world.,clear_error,incorrect,We are living in an ever changing world.,We are living in a ever changing world.,We are living in a changing world.,We are living in an ever changing world.,True,False
114,B.dev.gold.bea19:000232,German,It reveals that our feelings cross the boundaries of all cultures and we are connected to each other.,It reveals that our feelings cross the boundaries of all cultures and we are connected to each other.,gemma3:4b,2026-09-25T15:28:50.6277269Z,stop,It reveals that our feelings cross the boundaries of all cultures and we are connected to each other.,correct,correct,It reveals that our feelings cross the boundaries of all cultures and we are connected to each other.,It reveals that our feelings cross the boundaries of all cultures and we are connected to each other.,It reveals that our feelings cross the boundaries of all cultures and we are connected to each other.,It reveals that our feelings cross the boundaries of all cultures and we are connected to each other.,False,True
115,B.dev.gold.bea19:000705,Malayalam,"Swimming has different types; dolphin, crawl, backstroke and breast stroke.","Swimming has different types: dolphin, crawl, backstroke, and breaststroke.",gemma3:4b,2026-09-25T15:28:58.1868121Z,stop,"Swimming has different types; dolphin, crawl, backstroke and breast stroke.",ambiguous_error,incorrect,"Swimming has different styles; dolphin, crawl, backstroke and breast stroke.","Swimming has different types; dolphin, crawl, backstroke and breast stroke.","Swimming has different types: dolphin, crawl, backstroke, and breaststroke.","Swimming has different styles; dolphin, crawl, backstroke and breast stroke.",True,False
116,B.dev.gold.bea19:000245,Unknown,When I work anything I feel that I have the world in my hand so I can do anything for people.,"When I work on anything, I feel that I have the world in my hand, so I can do anything for people.",gemma3:4b,2026-09-25T15:29:07.5236865Z,stop,When I work anything I feel that I have the world in my hand so I can do anything for people.,ambiguous_error,incorrect,"When I work, I feel that I have the world in my hand, so I can do anything for people.",When I work anything I feel that I have the world in my hand so I can do anything for people.,"When I work on anything, I feel that I have the world in my hand, so I can do anything for people.","When I work, I feel that I have the world in my hand, so I can do anything for people.",True,False
117,B.dev.gold.bea19:000107,German,"Well, the airport is located just outside Reus, it's small but it has a lot of servicies and transport.","Well, the airport is located just outside Reus; it’s small but it has a lot of services and transport.",gemma3:4b,2026-09-25T15:29:17.3197068Z,stop,"Well, the airport is located just outside Reus, it's small but it has a lot of servicies and transport.",clear_error,incorrect,"Well, the airport is located just outside Reus. It's small but it has a lot of services and transport.","Well, the airport is located just outside Reus, it's small but it has a lot of servicies and transport.","Well, the airport is located just outside Reus; it's small but it has a lot of services and transport.","Well, the airport is located just outside Reus. It's small but it has a lot of services and transport.",True,False
118,B.dev.gold.bea19:000821,Malayalam,"Firstly, we can discuss type of food we want to eat.","Firstly, we can discuss the type of food we want to eat.",gemma3:4b,2026-09-25T15:29:23.8939428Z,stop,"Firstly, we can discuss type of food we want to eat.",clear_error,incorrect,"Firstly, we can discuss the type of food we want to eat.","Firstly, we can discuss type of food we want to eat.","Firstly, we can discuss the type of food we want to eat.","Firstly, we can discuss the type of food we want to eat.",True,True
119,B.dev.gold.bea19:000486,German,Moreover navy wars were represented in order to celebrate Roman army.,"Moreover, naval wars were represented in order to celebrate the Roman army.",gemma3:4b,2026-09-25T15:29:30.2788158Z,stop,Moreover navy wars were represented in order to celebrate Roman army.,ambiguous_error,incorrect,"In addition, naval wars were represented in order to celebrate the Roman army.",Moreover navy wars were represented in order to celebrate Roman army.,"Moreover, naval wars were represented in order to celebrate the Roman army.","In addition, naval wars were represented in order to celebrate the Roman army.",True,False
120,B.dev.gold.bea19:000136,Arabic,"Finally, learning another language gives the learner the ability to step inside the mind and context of that other culture.","Finally, learning another language gives the learner the ability to step inside the mind and context of that other culture.",gemma3:4b,2026-09-25T15:29:38.6079167Z,stop,"Finally, learning another language gives the learner the ability to step inside the mind and context of that other culture.",correct,correct,"Finally, learning another language gives the learner the ability to step inside the mind and context of that other culture.","Finally, learning another language gives the learner the ability to step inside the mind and context of that other culture.","Finally, learning another language gives the learner the ability to step inside the mind and context of that other culture.","Finally, learning another language gives the learner the ability to step inside the mind and context of that other culture.",False,True
121,B.dev.gold.bea19:000949,Arabic,"However, they still being ordinary people, they make mistakes.","However, they still are ordinary people who make mistakes.",gemma3:4b,2026-09-25T15:29:44.877727Z,stop,"However, they still being ordinary people, they make mistakes.",clear_error,incorrect,"However, they are still ordinary people, and they make mistakes.","However, they still being ordinary people, they make mistakes.","However, they still are ordinary people who make mistakes.","However, they are still ordinary people, and they make mistakes.",True,False
122,B.dev.gold.bea19:001007,Unknown,Nothing is impossible in life but not doubt it is not easy to find sincere friends.,"Nothing is impossible in life, but don't doubt it is not easy to find sincere friends.",gemma3:4b,2026-09-25T15:29:53.7432244Z,stop,Nothing is impossible in life but not doubt it is not easy to find sincere friends.,clear_error,incorrect,"Nothing is impossible in life, but it is not easy to find sincere friends.",Nothing is impossible in life but not doubt it is not easy to find sincere friends.,"Nothing is impossible in life, but don't doubt it is not easy to find sincere friends.","Nothing is impossible in life, but it is not easy to find sincere friends.",True,False
123,B.dev.gold.bea19:000216,Malayalam,"Second, the teachers were really good skills to teach.","Second, the teachers were really good skills to teach.",gemma3:4b,2026-09-25T15:30:00.0491555Z,stop,"Second, the teachers were really good skills to teach.",clear_error,incorrect,"Second, the teachers had really good teaching skills.","Second, the teachers were really good skills to teach.","Second, the teachers were really good skills to teach.","Second, the teachers had really good teaching skills.",False,False
124,B.dev.gold.bea19:000701,Unknown,Swimming is my favourite sport.,Swimming is my favorite sport.,gemma3:4b,2026-09-25T15:30:04.8666469Z,stop,Swimming is my favourite sport.,correct,correct,Swimming is my favourite sport.,Swimming is my favourite sport.,Swimming is my favorite sport.,Swimming is my favourite sport.,True,False
125,B.dev.gold.bea19:000741,Unknown,"But, technology is hre for best or worst, and we have to learn to deal with it the best we can.","But technology is here for best or worst, and we have to learn to deal with it as best we can.",gemma3:4b,2026-09-25T15:30:14.659203Z,stop,"But, technology is hre for best or worst, and we have to learn to deal with it the best we can.",clear_error,incorrect,"But, technology is here for better or worse, and we have to learn to deal with it the best we can.","But, technology is hre for best or worst, and we have to learn to deal with it the best we can.","But technology is here for best or worst, and we have to learn to deal with it as best we can.","But, technology is here for better or worse, and we have to learn to deal with it the best we can.",True,False
126,B.dev.gold.bea19:000245,German,When I work anything I feel that I have the world in my hand so I can do anything for people.,"When I work on anything, I feel that I have the world in my hand, so I can do anything for people.",gemma3:4b,2026-09-25T15:30:23.0861012Z,stop,When I work anything I feel that I have the world in my hand so I can do anything for people.,ambiguous_error,incorrect,"When I work, I feel that I have the world in my hand, so I can do anything for people.",When I work anything I feel that I have the world in my hand so I can do anything for people.,"When I work on anything, I feel that I have the world in my hand, so I can do anything for people.","When I work, I feel that I have the world in my hand, so I can do anything for people.",True,False
127,B.dev.gold.bea19:001010,Unknown,The more people you will meet the more easy it will become for you to find a friend.,"The more people you meet, the more easy it will become to find a friend.",gemma3:4b,2026-09-25T15:30:30.4679727Z,stop,The more people you will meet the more easy it will become for you to find a friend.,clear_error,incorrect,"The more people you meet, the easier it will become for you to find a friend.",The more people you will meet the more easy it will become for you to find a friend.,"The more people you meet, the more easy it will become to find a friend.","The more people you meet, the easier it will become for you to find a friend.",True,False
128,B.dev.gold.bea19:000107,Arabic,"Well, the airport is located just outside Reus, it's small but it has a lot of servicies and transport.","Well, the airport is located just outside Reus; it’s small but it has a lot of services and transport.",gemma3:4b,2026-09-25T15:30:40.1304379Z,stop,"Well, the airport is located just outside Reus, it's small but it has a lot of servicies and transport.",clear_error,incorrect,"Well, the airport is located just outside Reus. It's small but it has a lot of services and transport.","Well, the airport is located just outside Reus, it's small but it has a lot of servicies and transport.","Well, the airport is located just outside Reus; it's small but it has a lot of services and transport.","Well, the airport is located just outside Reus. It's small but it has a lot of services and transport.",True,False
129,B.dev.gold.bea19:000636,Unknown,"As we all know, the more public transport passengers use, the less car exhausts are emitted per person.","As we all know, the more public transport passengers use, the less car exhaust emissions are per person.",gemma3:4b,2026-09-25T15:30:48.5828549Z,stop,"As we all know, the more public transport passengers use, the less car exhausts are emitted per person.",clear_error,incorrect,"As we all know, the more passengers use public transport, the less car exhaust is emitted per person.","As we all know, the more public transport passengers use, the less car exhausts are emitted per person.","As we all know, the more public transport passengers use, the less car exhaust emissions are per person.","As we all know, the more passengers use public transport, the less car exhaust is emitted per person.",True,False
130,B.dev.gold.bea19:000063,German,He said he was drunk and didn't know what he was saying.,He said he was drunk and didn’t know what he was saying.,gemma3:4b,2026-09-25T15:30:55.4165641Z,stop,He said he was drunk and didn't know what he was saying.,correct,correct,He said he was drunk and didn't know what he was saying.,He said he was drunk and didn't know what he was saying.,He said he was drunk and didn't know what he was saying.,He said he was drunk and didn't know what he was saying.,False,True
131,B.dev.gold.bea19:001057,Arabic,"They both knew that they love each other and they care about each other, but it was too much for him.","They both knew that they loved each other and cared about each other, but it was too much for him.",gemma3:4b,2026-09-25T15:31:02.9549479Z,stop,"They both knew that they love each other and they care about each other, but it was too much for him.",ambiguous_error,incorrect,"They both knew that they loved each other and they cared about each other, but it was too much for him.","They both knew that they love each other and they care about each other, but it was too much for him.","They both knew that they loved each other and cared about each other, but it was too much for him.","They both knew that they loved each other and they cared about each other, but it was too much for him.",True,False
132,B.dev.gold.bea19:000745,German,"If I had this house, I would decorat it in modern stayl.","If I had this house, I would decorate it in a modern style.",gemma3:4b,2026-09-25T15:31:09.2934134Z,stop,"If I had this house, I would decorat it in modern stayl.",clear_error,incorrect,"If I had this house, I would decorate it in a modern style.","If I had this house, I would decorat it in modern stayl.","If I had this house, I would decorate it in a modern style.","If I had this house, I would decorate it in a modern style.",True,True
133,B.dev.gold.bea19:001057,German,"They both knew that they love each other and they care about each other, but it was too much for him.","They both knew that they loved each other and cared about each other, but it was too much for him.",gemma3:4b,2026-09-25T15:31:16.9822555Z,stop,"They both knew that they love each other and they care about each other, but it was too much for him.",ambiguous_error,incorrect,"They both knew that they loved each other and they cared about each other, but it was too much for him.","They both knew that they love each other and they care about each other, but it was too much for him.","They both knew that they loved each other and cared about each other, but it was too much for him.","They both knew that they loved each other and they cared about each other, but it was too much for him.",True,False
134,B.dev.gold.bea19:001001,Malayalam,However there are brilliant games for children.,"However, there are brilliant games for children.",gemma3:4b,2026-09-25T15:31:21.8575143Z,stop,However there are brilliant games for children.,clear_error,incorrect,"However, there are brilliant games for children.",However there are brilliant games for children.,"However, there are brilliant games for children.","However, there are brilliant games for children.",True,True
135,B.dev.gold.bea19:000216,Unknown,"Second, the teachers were really good skills to teach.","Second, the teachers were really good skills to teach.",gemma3:4b,2026-09-25T15:31:27.3843931Z,stop,"Second, the teachers were really good skills to teach.",clear_error,incorrect,"Second, the teachers had really good teaching skills.","Second, the teachers were really good skills to teach.","Second, the teachers were really good skills to teach.","Second, the teachers had really good teaching skills.",False,False
136,B.dev.gold.bea19:000517,Malayalam,Television is an important part of modern culture.,Television is an important part of modern culture.,gemma3:4b,2026-09-25T15:31:34.3741854Z,stop,Television is an important part of modern culture.,correct,correct,Television is an important part of modern culture.,Television is an important part of modern culture.,Television is an important part of modern culture.,Television is an important part of modern culture.,False,True
137,B.dev.gold.bea19:001271,Unknown,Who would have even bothered to pay me a visit during this bloody awful weather?,Who would have even bothered to pay me a visit during this bloody awful weather?,gemma3:4b,2026-09-25T15:31:40.8123059Z,stop,Who would have even bothered to pay me a visit during this bloody awful weather?,correct,correct,Who would have even bothered to pay me a visit during this bloody awful weather?,Who would have even bothered to pay me a visit during this bloody awful weather?,Who would have even bothered to pay me a visit during this bloody awful weather?,Who would have even bothered to pay me a visit during this bloody awful weather?,False,True
138,B.dev.gold.bea19:000254,Arabic,"Although I am a young girl, I think I am a quialified person for the post.","Although I am a young girl, I think I am a qualified person for the post.",gemma3:4b,2026-09-25T15:31:47.480346Z,stop,"Although I am a young girl, I think I am a quialified person for the post.",clear_error,incorrect,"Although I am a young girl, I think I am a qualified person for the post.","Although I am a young girl, I think I am a quialified person for the post.","Although I am a young girl, I think I am a qualified person for the post.","Although I am a young girl, I think I am a qualified person for the post.",True,True
139,B.dev.gold.bea19:001173,German,We found a pharmacy and a restroom where we could get a rest and take a shower to clean ourselves.,We found a pharmacy and a restroom where we could rest and take a shower to clean ourselves.,gemma3:4b,2026-09-25T15:31:55.4719439Z,stop,We found a pharmacy and a restroom where we could get a rest and take a shower to clean ourselves.,clear_error,incorrect,We found a pharmacy and a restroom where we could have a rest and take a shower to clean ourselves.,We found a pharmacy and a restroom where we could get a rest and take a shower to clean ourselves.,We found a pharmacy and a restroom where we could rest and take a shower to clean ourselves.,We found a pharmacy and a restroom where we could have a rest and take a shower to clean ourselves.,True,False
140,B.dev.gold.bea19:000993,German,I had a very great memories of these experiences and I would really like to live them again.,I have very good memories of these experiences and I would really like to relive them.,gemma3:4b,2026-09-25T15:32:02.2908505Z,stop,I had a very great memories of these experiences and I would really like to live them again.,clear_error,incorrect,I have really great memories of these experiences and I would really like to relive them.,I had a very great memories of these experiences and I would really like to live them again.,I have very good memories of these experiences and I would really like to relive them.,I have really great memories of these experiences and I would really like to relive them.,True,False
141,B.dev.gold.bea19:001001,Arabic,However there are brilliant games for children.,"However, there are brilliant games for children.",gemma3:4b,2026-09-25T15:32:07.6072827Z,stop,However there are brilliant games for children.,clear_error,incorrect,"However, there are brilliant games for children.",However there are brilliant games for children.,"However, there are brilliant games for children.","However, there are brilliant games for children.",True,True
142,B.dev.gold.bea19:000149,German,"The delivery was wrong, so now I am a huge hurry because I need my mobile to work every day.","The delivery was wrong, so now I am in a huge hurry because I need my mobile to work every day.",gemma3:4b,2026-09-25T15:32:15.4323361Z,stop,"The delivery was wrong, so now I am a huge hurry because I need my mobile to work every day.",clear_error,incorrect,"The delivery was wrong, so now I am in a huge hurry because I need my mobile to work every day.","The delivery was wrong, so now I am a huge hurry because I need my mobile to work every day.","The delivery was wrong, so now I am in a huge hurry because I need my mobile to work every day.","The delivery was wrong, so now I am in a huge hurry because I need my mobile to work every day.",True,True
143,B.dev.gold.bea19:000032,Unknown,I really like to explore nature during summer too.,"I really like exploring nature during the summer, too.",gemma3:4b,2026-09-25T15:32:21.6898271Z,stop,I really like to explore nature during summer too.,correct,correct,I really like to explore nature during summer too.,I really like to explore nature during summer too.,"I really like exploring nature during the summer, too.",I really like to explore nature during summer too.,True,False
144,B.dev.gold.bea19:000245,Arabic,When I work anything I feel that I have the world in my hand so I can do anything for people.,"When I work on anything, I feel that I have the world in my hand, so I can do anything for people.",gemma3:4b,2026-09-25T15:32:31.6974839Z,stop,When I work anything I feel that I have the world in my hand so I can do anything for people.,ambiguous_error,incorrect,"When I work, I feel that I have the world in my hand, so I can do anything for people.",When I work anything I feel that I have the world in my hand so I can do anything for people.,"When I work on anything, I feel that I have the world in my hand, so I can do anything for people.","When I work, I feel that I have the world in my hand, so I can do anything for people.",True,False
145,B.dev.gold.bea19:000709,Arabic,I enjoyed helping at the concert which was in Antaya on October.,I enjoyed helping at the concert which was in Antalya on October.,gemma3:4b,2026-09-25T15:32:39.252133Z,stop,I enjoyed helping at the concert which was in Antaya on October.,clear_error,incorrect,I enjoyed helping at the concert in Antaya in October.,I enjoyed helping at the concert which was in Antaya on October.,I enjoyed helping at the concert which was in Antalya on October.,I enjoyed helping at the concert in Antaya in October.,True,False
146,B.dev.gold.bea19:000149,Unknown,"The delivery was wrong, so now I am a huge hurry because I need my mobile to work every day.","The delivery was wrong, so now I am in a hurry because I need my mobile to work every day.",gemma3:4b,2026-09-25T15:32:47.6143858Z,stop,"The delivery was wrong, so now I am a huge hurry because I need my mobile to work every day.",clear_error,incorrect,"The delivery was wrong, so now I am in a huge hurry because I need my mobile to work every day.","The delivery was wrong, so now I am a huge hurry because I need my mobile to work every day.","The delivery was wrong, so now I am in a hurry because I need my mobile to work every day.","The delivery was wrong, so now I am in a huge hurry because I need my mobile to work every day.",True,False
147,B.dev.gold.bea19:001271,German,Who would have even bothered to pay me a visit during this bloody awful weather?,Who would have even bothered to pay me a visit during this awful weather?,gemma3:4b,2026-09-25T15:32:54.3660939Z,stop,Who would have even bothered to pay me a visit during this bloody awful weather?,correct,correct,Who would have even bothered to pay me a visit during this bloody awful weather?,Who would have even bothered to pay me a visit during this bloody awful weather?,Who would have even bothered to pay me a visit during this awful weather?,Who would have even bothered to pay me a visit during this bloody awful weather?,True,False
148,B.dev.gold.bea19:000165,Arabic,Peple should decide the background colour and thw artwork while they have to consider the security issues.,People should decide the background color and the artwork while they have to consider the security issues.,gemma3:4b,2026-09-25T15:33:01.4905613Z,stop,Peple should decide the background colour and thw artwork while they have to consider the security issues.,clear_error,incorrect,People should decide the background colour and the artwork and they have to consider the security issues.,Peple should decide the background colour and thw artwork while they have to consider the security issues.,People should decide the background color and the artwork while they have to consider the security issues.,People should decide the background colour and the artwork and they have to consider the security issues.,True,False
149,B.dev.gold.bea19:000640,Malayalam,"As more and more people choose to live in cities, nowadays our cities become larger and more crowded.","As more and more people choose to live in cities, our cities are now becoming larger and more crowded.",gemma3:4b,2026-09-25T15:33:08.2528078Z,stop,"As more and more people choose to live in cities, nowadays our cities become larger and more crowded.",clear_error,incorrect,"As more and more people choose to live in cities, nowadays, our cities are becoming larger and more crowded.","As more and more people choose to live in cities, nowadays our cities become larger and more crowded.","As more and more people choose to live in cities, our cities are now becoming larger and more crowded.","As more and more people choose to live in cities, nowadays, our cities are becoming larger and more crowded.",True,False
150,B.dev.gold.bea19:000578,German,"Everyone lives in despair, but can not find the entrance to brightness.","Everyone lives in despair, but cannot find the entrance to brightness.",gemma3:4b,2026-09-25T15:33:13.6803758Z,stop,"Everyone lives in despair, but can not find the entrance to brightness.",ambiguous_error,incorrect,"Everyone will live in despair, but be unable to find the entrance to brightness.","Everyone lives in despair, but can not find the entrance to brightness.","Everyone lives in despair, but cannot find the entrance to brightness.","Everyone will live in despair, but be unable to find the entrance to brightness.",True,False
151,B.dev.gold.bea19:000645,Arabic,"For a passenger, however, travelling is a complete relax.","For a passenger, however, travelling is a complete relaxation.",gemma3:4b,2026-09-25T15:33:18.9250528Z,stop,"For a passenger, however, travelling is a complete relax.",clear_error,incorrect,"For a passenger, however, travelling is completely relaxing.","For a passenger, however, travelling is a complete relax.","For a passenger, however, travelling is a complete relaxation.","For a passenger, however, travelling is completely relaxing.",True,False
152,B.dev.gold.bea19:000877,Malayalam,So she took a deep breath and put her doll in the attic just like her childhood memories.,"She took a deep breath and put her doll in the attic, just like her childhood memories.",gemma3:4b,2026-09-25T15:33:27.2340883Z,stop,So she took a deep breath and put her doll in the attic just like her childhood memories.,ambiguous_error,incorrect,"So she took a deep breath and put her doll in the attic, just like her childhood memories.",So she took a deep breath and put her doll in the attic just like her childhood memories.,"She took a deep breath and put her doll in the attic, just like her childhood memories.","So she took a deep breath and put her doll in the attic, just like her childhood memories.",True,False
153,B.dev.gold.bea19:000063,Arabic,He said he was drunk and didn't know what he was saying.,He said he was drunk and didn't know what he was saying.,gemma3:4b,2026-09-25T15:33:34.3845366Z,stop,He said he was drunk and didn't know what he was saying.,correct,correct,He said he was drunk and didn't know what he was saying.,He said he was drunk and didn't know what he was saying.,He said he was drunk and didn't know what he was saying.,He said he was drunk and didn't know what he was saying.,False,True
154,B.dev.gold.bea19:000990,German,I've worked as social trainer and as educators since I was 16.,I've worked as a social trainer and educator since I was 16.,gemma3:4b,2026-09-25T15:33:41.8295695Z,stop,I've worked as social trainer and as educators since I was 16.,clear_error,incorrect,I've worked as a social trainer and as an educator since I was 16.,I've worked as social trainer and as educators since I was 16.,I've worked as a social trainer and educator since I was 16.,I've worked as a social trainer and as an educator since I was 16.,True,False
155,B.dev.gold.bea19:000374,Unknown,Mostly Facebook users expect their friend to respond or pay attention on what they are doing.,"Mostly, Facebook users expect their friends to respond or pay attention to what they are doing.",gemma3:4b,2026-09-25T15:33:51.328051Z,stop,Mostly Facebook users expect their friend to respond or pay attention on what they are doing.,clear_error,incorrect,"Mostly, Facebook users expect their friends to respond or pay attention to what they are doing.",Mostly Facebook users expect their friend to respond or pay attention on what they are doing.,"Mostly, Facebook users expect their friends to respond or pay attention to what they are doing.","Mostly, Facebook users expect their friends to respond or pay attention to what they are doing.",True,True
156,B.dev.gold.bea19:001173,Arabic,We found a pharmacy and a restroom where we could get a rest and take a shower to clean ourselves.,We found a pharmacy and a restroom where we could rest and take a shower to clean ourselves.,gemma3:4b,2026-09-25T15:33:59.671224Z,stop,We found a pharmacy and a restroom where we could get a rest and take a shower to clean ourselves.,clear_error,incorrect,We found a pharmacy and a restroom where we could have a rest and take a shower to clean ourselves.,We found a pharmacy and a restroom where we could get a rest and take a shower to clean ourselves.,We found a pharmacy and a restroom where we could rest and take a shower to clean ourselves.,We found a pharmacy and a restroom where we could have a rest and take a shower to clean ourselves.,True,False
157,B.dev.gold.bea19:000640,German,"As more and more people choose to live in cities, nowadays our cities become larger and more crowded.","Nowadays, as more and more people choose to live in cities, our cities become larger and more crowded.",gemma3:4b,2026-09-25T15:34:08.0892715Z,stop,"As more and more people choose to live in cities, nowadays our cities become larger and more crowded.",clear_error,incorrect,"As more and more people choose to live in cities, nowadays, our cities are becoming larger and more crowded.","As more and more people choose to live in cities, nowadays our cities become larger and more crowded.","Nowadays, as more and more people choose to live in cities, our cities become larger and more crowded.","As more and more people choose to live in cities, nowadays, our cities are becoming larger and more crowded.",True,False
158,B.dev.gold.bea19:000254,Malayalam,"Although I am a young girl, I think I am a quialified person for the post.","Although I am a young girl, I think I am a qualified person for the post.",gemma3:4b,2026-09-25T15:34:15.5174398Z,stop,"Although I am a young girl, I think I am a quialified person for the post.",clear_error,incorrect,"Although I am a young girl, I think I am a qualified person for the post.","Although I am a young girl, I think I am a quialified person for the post.","Although I am a young girl, I think I am a qualified person for the post.","Although I am a young girl, I think I am a qualified person for the post.",True,True
159,B.dev.gold.bea19:000062,Arabic,He followed and apoligized her.,He followed and apologized to her.,gemma3:4b,2026-09-25T15:34:20.0501413Z,stop,He followed and apoligized her.,clear_error,incorrect,He followed and apologized to her.,He followed and apoligized her.,He followed and apologized to her.,He followed and apologized to her.,True,True
160,B.dev.gold.bea19:001010,Arabic,The more people you will meet the more easy it will become for you to find a friend.,"The more people you meet, the more easy it will become to find a friend.",gemma3:4b,2026-09-25T15:34:27.1079921Z,stop,The more people you will meet the more easy it will become for you to find a friend.,clear_error,incorrect,"The more people you meet, the easier it will become for you to find a friend.",The more people you will meet the more easy it will become for you to find a friend.,"The more people you meet, the more easy it will become to find a friend.","The more people you meet, the easier it will become for you to find a friend.",True,False
161,B.dev.gold.bea19:000374,Malayalam,Mostly Facebook users expect their friend to respond or pay attention on what they are doing.,"Mostly, Facebook users expect their friends to respond or pay attention to what they are doing.",gemma3:4b,2026-09-25T15:34:33.868807Z,stop,Mostly Facebook users expect their friend to respond or pay attention on what they are doing.,clear_error,incorrect,"Mostly, Facebook users expect their friends to respond or pay attention to what they are doing.",Mostly Facebook users expect their friend to respond or pay attention on what they are doing.,"Mostly, Facebook users expect their friends to respond or pay attention to what they are doing.","Mostly, Facebook users expect their friends to respond or pay attention to what they are doing.",True,True
162,B.dev.gold.bea19:001010,Malayalam,The more people you will meet the more easy it will become for you to find a friend.,"The more people you meet, the easier it will become to find a friend.",gemma3:4b,2026-09-25T15:34:40.4120396Z,stop,The more people you will meet the more easy it will become for you to find a friend.,clear_error,incorrect,"The more people you meet, the easier it will become for you to find a friend.",The more people you will meet the more easy it will become for you to find a friend.,"The more people you meet, the easier it will become to find a friend.","The more people you meet, the easier it will become for you to find a friend.",True,False
163,B.dev.gold.bea19:000645,German,"For a passenger, however, travelling is a complete relax.","For a passenger, however, travelling is a complete relaxation.",gemma3:4b,2026-09-25T15:34:45.9597884Z,stop,"For a passenger, however, travelling is a complete relax.",clear_error,incorrect,"For a passenger, however, travelling is completely relaxing.","For a passenger, however, travelling is a complete relax.","For a passenger, however, travelling is a complete relaxation.","For a passenger, however, travelling is completely relaxing.",True,False
164,B.dev.gold.bea19:000948,Arabic,Famous people are obligated to provide their life in exemplary way.,Famous people are obligated to live exemplary lives.,gemma3:4b,2026-09-25T15:34:51.2433104Z,stop,Famous people are obligated to provide their life in exemplary way.,ambiguous_error,incorrect,Famous people are obligated to live their lives in an exemplary way.,Famous people are obligated to provide their life in exemplary way.,Famous people are obligated to live exemplary lives.,Famous people are obligated to live their lives in an exemplary way.,True,False
165,B.dev.gold.bea19:000020,Unknown,There are a lot of products which have to be announced and a lot of messages to report to people.,There are a lot of products that have to be announced and a lot of messages to report to people.,gemma3:4b,2026-09-25T15:34:58.7867622Z,stop,There are a lot of products which have to be announced and a lot of messages to report to people.,ambiguous_error,incorrect,There are a lot of products which have to be advertised and a lot of messages to report to people.,There are a lot of products which have to be announced and a lot of messages to report to people.,There are a lot of products that have to be announced and a lot of messages to report to people.,There are a lot of products which have to be advertised and a lot of messages to report to people.,True,False
166,B.dev.gold.bea19:000567,Malayalam,"From newspapers, magazines, even foreign medium, we can easily figure out that our environment is changing severely.","From newspapers, magazines, and even foreign-language media, we can easily see that our environment is changing severely.",gemma3:4b,2026-09-25T15:35:07.2577807Z,stop,"From newspapers, magazines, even foreign medium, we can easily figure out that our environment is changing severely.",clear_error,incorrect,"From newspapers, magazines, even foreign media, we can easily figure out that our environment is changing severely.","From newspapers, magazines, even foreign medium, we can easily figure out that our environment is changing severely.","From newspapers, magazines, and even foreign-language media, we can easily see that our environment is changing severely.","From newspapers, magazines, even foreign media, we can easily figure out that our environment is changing severely.",True,False
167,B.dev.gold.bea19:000232,Unknown,It reveals that our feelings cross the boundaries of all cultures and we are connected to each other.,It reveals that our feelings cross the boundaries of all cultures and we are connected to each other.,gemma3:4b,2026-09-25T15:35:14.7617001Z,stop,It reveals that our feelings cross the boundaries of all cultures and we are connected to each other.,correct,correct,It reveals that our feelings cross the boundaries of all cultures and we are connected to each other.,It reveals that our feelings cross the boundaries of all cultures and we are connected to each other.,It reveals that our feelings cross the boundaries of all cultures and we are connected to each other.,It reveals that our feelings cross the boundaries of all cultures and we are connected to each other.,False,True
168,B.dev.gold.bea19:000705,German,"Swimming has different types; dolphin, crawl, backstroke and breast stroke.","Swimming has different types: dolphin, crawl, backstroke, and breaststroke.",gemma3:4b,2026-09-25T15:35:22.3827975Z,stop,"Swimming has different types; dolphin, crawl, backstroke and breast stroke.",ambiguous_error,incorrect,"Swimming has different styles; dolphin, crawl, backstroke and breast stroke.","Swimming has different types; dolphin, crawl, backstroke and breast stroke.","Swimming has different types: dolphin, crawl, backstroke, and breaststroke.","Swimming has different styles; dolphin, crawl, backstroke and breast stroke.",True,False
169,B.dev.gold.bea19:000101,Arabic,"If you tried all the activities, you would spend a great time here, in Castelldefels!","If you tried all the activities, you would have a great time here in Castelldefels!",gemma3:4b,2026-09-25T15:35:29.2905038Z,stop,"If you tried all the activities, you would spend a great time here, in Castelldefels!",clear_error,incorrect,"If you tried all the activities, you would have a great time here in Castelldefels!","If you tried all the activities, you would spend a great time here, in Castelldefels!","If you tried all the activities, you would have a great time here in Castelldefels!","If you tried all the activities, you would have a great time here in Castelldefels!",True,True
170,B.dev.gold.bea19:001285,Arabic,All the household nearby the public road throws the dirty things easily and even don't bother about the order of the municipality.,All the households near the public road throw the dirty things easily and don't bother about the order of the municipality.,gemma3:4b,2026-09-25T15:35:37.4717142Z,stop,All the household nearby the public road throws the dirty things easily and even don't bother about the order of the municipality.,clear_error,incorrect,All the households nearby the public road throw dirty things away easily and don't even bother about the order of the municipality.,All the household nearby the public road throws the dirty things easily and even don't bother about the order of the municipality.,All the households near the public road throw the dirty things easily and don't bother about the order of the municipality.,All the households nearby the public road throw dirty things away easily and don't even bother about the order of the municipality.,True,False
171,B.dev.gold.bea19:000245,Malayalam,When I work anything I feel that I have the world in my hand so I can do anything for people.,"When I work on anything, I feel that I have the world in my hand, so I can do anything for people.",gemma3:4b,2026-09-25T15:35:45.660972Z,stop,When I work anything I feel that I have the world in my hand so I can do anything for people.,ambiguous_error,incorrect,"When I work, I feel that I have the world in my hand, so I can do anything for people.",When I work anything I feel that I have the world in my hand so I can do anything for people.,"When I work on anything, I feel that I have the world in my hand, so I can do anything for people.","When I work, I feel that I have the world in my hand, so I can do anything for people.",True,False
172,B.dev.gold.bea19:001057,Malayalam,"They both knew that they love each other and they care about each other, but it was too much for him.","They both knew that they loved each other and cared about each other, but it was too much for him.",gemma3:4b,2026-09-25T15:35:53.1916042Z,stop,"They both knew that they love each other and they care about each other, but it was too much for him.",ambiguous_error,incorrect,"They both knew that they loved each other and they cared about each other, but it was too much for him.","They both knew that they love each other and they care about each other, but it was too much for him.","They both knew that they loved each other and cared about each other, but it was too much for him.","They both knew that they loved each other and they cared about each other, but it was too much for him.",True,False
173,B.dev.gold.bea19:001173,Malayalam,We found a pharmacy and a restroom where we could get a rest and take a shower to clean ourselves.,We found a pharmacy and a restroom where we could rest and take a shower to clean ourselves.,gemma3:4b,2026-09-25T15:36:00.0468979Z,stop,We found a pharmacy and a restroom where we could get a rest and take a shower to clean ourselves.,clear_error,incorrect,We found a pharmacy and a restroom where we could have a rest and take a shower to clean ourselves.,We found a pharmacy and a restroom where we could get a rest and take a shower to clean ourselves.,We found a pharmacy and a restroom where we could rest and take a shower to clean ourselves.,We found a pharmacy and a restroom where we could have a rest and take a shower to clean ourselves.,True,False
174,B.dev.gold.bea19:001007,Malayalam,Nothing is impossible in life but not doubt it is not easy to find sincere friends.,"Nothing is impossible in life, but don't doubt it is not easy to find sincere friends.",gemma3:4b,2026-09-25T15:36:06.9259058Z,stop,Nothing is impossible in life but not doubt it is not easy to find sincere friends.,clear_error,incorrect,"Nothing is impossible in life, but it is not easy to find sincere friends.",Nothing is impossible in life but not doubt it is not easy to find sincere friends.,"Nothing is impossible in life, but don't doubt it is not easy to find sincere friends.","Nothing is impossible in life, but it is not easy to find sincere friends.",True,False
175,B.dev.gold.bea19:000226,Unknown,I am keen on cinema thus I love to watch all types of fims.,"I am keen on cinema, thus I love to watch all types of films.",gemma3:4b,2026-09-25T15:36:13.0633779Z,stop,I am keen on cinema thus I love to watch all types of fims.,clear_error,incorrect,I am keen on cinema and I love to watch all types of films.,I am keen on cinema thus I love to watch all types of fims.,"I am keen on cinema, thus I love to watch all types of films.",I am keen on cinema and I love to watch all types of films.,True,False
176,B.dev.gold.bea19:001010,German,The more people you will meet the more easy it will become for you to find a friend.,"The more people you meet, the more easy it will become to find a friend.",gemma3:4b,2026-09-25T15:36:19.907633Z,stop,The more people you will meet the more easy it will become for you to find a friend.,clear_error,incorrect,"The more people you meet, the easier it will become for you to find a friend.",The more people you will meet the more easy it will become for you to find a friend.,"The more people you meet, the more easy it will become to find a friend.","The more people you meet, the easier it will become for you to find a friend.",True,False
177,B.dev.gold.bea19:000993,Arabic,I had a very great memories of these experiences and I would really like to live them again.,I have very good memories of these experiences and I would really like to live them again.,gemma3:4b,2026-09-25T15:36:26.4856673Z,stop,I had a very great memories of these experiences and I would really like to live them again.,clear_error,incorrect,I have really great memories of these experiences and I would really like to relive them.,I had a very great memories of these experiences and I would really like to live them again.,I have very good memories of these experiences and I would really like to live them again.,I have really great memories of these experiences and I would really like to relive them.,True,False
178,B.dev.gold.bea19:000712,German,In the concert time all people can enjoy but nobody think about how they are preparing to concert.,"In the concert, everyone can enjoy, but nobody thinks about how they are preparing.",gemma3:4b,2026-09-25T15:36:32.8403951Z,stop,In the concert time all people can enjoy but nobody think about how they are preparing to concert.,ambiguous_error,incorrect,"During a concert everybody can enjoy themselves, but nobody thinks about how they prepare for a concert.",In the concert time all people can enjoy but nobody think about how they are preparing to concert.,"In the concert, everyone can enjoy, but nobody thinks about how they are preparing.","During a concert everybody can enjoy themselves, but nobody thinks about how they prepare for a concert.",True,False
179,B.dev.gold.bea19:000101,Unknown,"If you tried all the activities, you would spend a great time here, in Castelldefels!","If you tried all the activities, you would spend a great time here in Castelldefels!",gemma3:4b,2026-09-25T15:36:39.6831505Z,stop,"If you tried all the activities, you would spend a great time here, in Castelldefels!",clear_error,incorrect,"If you tried all the activities, you would have a great time here in Castelldefels!","If you tried all the activities, you would spend a great time here, in Castelldefels!","If you tried all the activities, you would spend a great time here in Castelldefels!","If you tried all the activities, you would have a great time here in Castelldefels!",True,False
180,B.dev.gold.bea19:000165,Malayalam,Peple should decide the background colour and thw artwork while they have to consider the security issues.,People should decide the background color and the artwork while they have to consider the security issues.,gemma3:4b,2026-09-25T15:36:46.2595958Z,stop,Peple should decide the background colour and thw artwork while they have to consider the security issues.,clear_error,incorrect,People should decide the background colour and the artwork and they have to consider the security issues.,Peple should decide the background colour and thw artwork while they have to consider the security issues.,People should decide the background color and the artwork while they have to consider the security issues.,People should decide the background colour and the artwork and they have to consider the security issues.,True,False
181,B.dev.gold.bea19:001148,German,My curiosity had put me into a big trouble.,My curiosity has put me into big trouble.,gemma3:4b,2026-09-25T15:36:51.0532423Z,stop,My curiosity had put me into a big trouble.,clear_error,incorrect,My curiosity got me into big trouble.,My curiosity had put me into a big trouble.,My curiosity has put me into big trouble.,My curiosity got me into big trouble.,True,False
182,B.dev.gold.bea19:000358,German,"Unsurprisingly, social consequences of Facebook and Twitter plays an important role in communication, regardless of distance or time.","Unsurprisingly, the social consequences of Facebook and Twitter play an important role in communication, regardless of distance or time.",gemma3:4b,2026-09-25T15:36:58.460016Z,stop,"Unsurprisingly, social consequences of Facebook and Twitter plays an important role in communication, regardless of distance or time.",clear_error,incorrect,"Unsurprisingly, the social consequences of Facebook and Twitter play an important role in communication, regardless of distance or time.","Unsurprisingly, social consequences of Facebook and Twitter plays an important role in communication, regardless of distance or time.","Unsurprisingly, the social consequences of Facebook and Twitter play an important role in communication, regardless of distance or time.","Unsurprisingly, the social consequences of Facebook and Twitter play an important role in communication, regardless of distance or time.",True,True
183,B.dev.gold.bea19:000436,Unknown,"As far as I'm concerned, public transportation is the best transport media for environmental care.","As far as I’m concerned, public transportation is the best mode of transport for environmental care.",gemma3:4b,2026-09-25T15:37:05.7300513Z,stop,"As far as I'm concerned, public transportation is the best transport media for environmental care.",clear_error,incorrect,"As far as I'm concerned, public transportation is the best means of transport for the environment.","As far as I'm concerned, public transportation is the best transport media for environmental care.","As far as I'm concerned, public transportation is the best mode of transport for environmental care.","As far as I'm concerned, public transportation is the best means of transport for the environment.",True,False
184,B.dev.gold.bea19:000990,Malayalam,I've worked as social trainer and as educators since I was 16.,I've worked as a social trainer and educator since I was 16.,gemma3:4b,2026-09-25T15:37:12.390712Z,stop,I've worked as social trainer and as educators since I was 16.,clear_error,incorrect,I've worked as a social trainer and as an educator since I was 16.,I've worked as social trainer and as educators since I was 16.,I've worked as a social trainer and educator since I was 16.,I've worked as a social trainer and as an educator since I was 16.,True,False
185,B.dev.gold.bea19:000645,Malayalam,"For a passenger, however, travelling is a complete relax.","For a passenger, however, travelling is a complete relaxation.",gemma3:4b,2026-09-25T15:37:17.6890927Z,stop,"For a passenger, however, travelling is a complete relax.",clear_error,incorrect,"For a passenger, however, travelling is completely relaxing.","For a passenger, however, travelling is a complete relax.","For a passenger, however, travelling is a complete relaxation.","For a passenger, however, travelling is completely relaxing.",True,False
186,B.dev.gold.bea19:000405,Unknown,What a lovely weather today!,What lovely weather today!,gemma3:4b,2026-09-25T15:37:21.9534649Z,stop,What a lovely weather today!,clear_error,incorrect,What lovely weather today!,What a lovely weather today!,What lovely weather today!,What lovely weather today!,True,True
187,B.dev.gold.bea19:000821,Unknown,"Firstly, we can discuss type of food we want to eat.","Firstly, we can discuss the type of food we want to eat.",gemma3:4b,2026-09-25T15:37:27.8029202Z,stop,"Firstly, we can discuss type of food we want to eat.",clear_error,incorrect,"Firstly, we can discuss the type of food we want to eat.","Firstly, we can discuss type of food we want to eat.","Firstly, we can discuss the type of food we want to eat.","Firstly, we can discuss the type of food we want to eat.",True,True
188,B.dev.gold.bea19:000232,Malayalam,It reveals that our feelings cross the boundaries of all cultures and we are connected to each other.,It reveals that our feelings cross the boundaries of all cultures and we are connected to each other.,gemma3:4b,2026-09-25T15:37:34.3364357Z,stop,It reveals that our feelings cross the boundaries of all cultures and we are connected to each other.,correct,correct,It reveals that our feelings cross the boundaries of all cultures and we are connected to each other.,It reveals that our feelings cross the boundaries of all cultures and we are connected to each other.,It reveals that our feelings cross the boundaries of all cultures and we are connected to each other.,It reveals that our feelings cross the boundaries of all cultures and we are connected to each other.,False,True
189,B.dev.gold.bea19:000062,German,He followed and apoligized her.,He followed and apologized to her.,gemma3:4b,2026-09-25T15:37:38.7585791Z,stop,He followed and apoligized her.,clear_error,incorrect,He followed and apologized to her.,He followed and apoligized her.,He followed and apologized to her.,He followed and apologized to her.,True,True
190,B.dev.gold.bea19:000062,Unknown,He followed and apoligized her.,He followed and apologized to her.,gemma3:4b,2026-09-25T15:37:43.252555Z,stop,He followed and apoligized her.,clear_error,incorrect,He followed and apologized to her.,He followed and apoligized her.,He followed and apologized to her.,He followed and apologized to her.,True,True
191,B.dev.gold.bea19:000567,German,"From newspapers, magazines, even foreign medium, we can easily figure out that our environment is changing severely.","From newspapers, magazines, and even foreign media, we can easily see that our environment is changing severely.",gemma3:4b,2026-09-25T15:37:50.355862Z,stop,"From newspapers, magazines, even foreign medium, we can easily figure out that our environment is changing severely.",clear_error,incorrect,"From newspapers, magazines, even foreign media, we can easily figure out that our environment is changing severely.","From newspapers, magazines, even foreign medium, we can easily figure out that our environment is changing severely.","From newspapers, magazines, and even foreign media, we can easily see that our environment is changing severely.","From newspapers, magazines, even foreign media, we can easily figure out that our environment is changing severely.",True,False
192,B.dev.gold.bea19:000358,Malayalam,"Unsurprisingly, social consequences of Facebook and Twitter plays an important role in communication, regardless of distance or time.","Unsurprisingly, the social consequences of Facebook and Twitter play an important role in communication, regardless of distance or time.",gemma3:4b,2026-09-25T15:37:57.8603952Z,stop,"Unsurprisingly, social consequences of Facebook and Twitter plays an important role in communication, regardless of distance or time.",clear_error,incorrect,"Unsurprisingly, the social consequences of Facebook and Twitter play an important role in communication, regardless of distance or time.","Unsurprisingly, social consequences of Facebook and Twitter plays an important role in communication, regardless of distance or time.","Unsurprisingly, the social consequences of Facebook and Twitter play an important role in communication, regardless of distance or time.","Unsurprisingly, the social consequences of Facebook and Twitter play an important role in communication, regardless of distance or time.",True,True
193,B.dev.gold.bea19:000032,Malayalam,I really like to explore nature during summer too.,"I really like exploring nature during the summer, too.",gemma3:4b,2026-09-25T15:38:02.9928197Z,stop,I really like to explore nature during summer too.,correct,correct,I really like to explore nature during summer too.,I really like to explore nature during summer too.,"I really like exploring nature during the summer, too.",I really like to explore nature during summer too.,True,False
194,B.dev.gold.bea19:001013,Arabic,The Guardian is a British daily newspaper which includes national and international news.,The Guardian is a British daily newspaper that includes national and international news.,gemma3:4b,2026-09-25T15:38:08.7898074Z,stop,The Guardian is a British daily newspaper which includes national and international news.,correct,correct,The Guardian is a British daily newspaper which includes national and international news.,The Guardian is a British daily newspaper which includes national and international news.,The Guardian is a British daily newspaper that includes national and international news.,The Guardian is a British daily newspaper which includes national and international news.,True,False
195,B.dev.gold.bea19:000733,Arabic,"Regarding advertisement, technology is having a huge, and not always possitive impact on outdoor advertisement.","Regarding advertising, technology is having a huge and not always positive impact on outdoor advertising.",gemma3:4b,2026-09-25T15:38:15.1939621Z,stop,"Regarding advertisement, technology is having a huge, and not always possitive impact on outdoor advertisement.",clear_error,incorrect,"Regarding advertising, technology is having a huge and not always positive impact on outdoor advertising.","Regarding advertisement, technology is having a huge, and not always possitive impact on outdoor advertisement.","Regarding advertising, technology is having a huge and not always positive impact on outdoor advertising.","Regarding advertising, technology is having a huge and not always positive impact on outdoor advertising.",True,True
196,B.dev.gold.bea19:001107,Unknown,"Is there any future to public transport, for travelling by car is much more convenient?","Is there any future for public transport, considering that travelling by car is much more convenient?",gemma3:4b,2026-09-25T15:38:21.6984944Z,stop,"Is there any future to public transport, for travelling by car is much more convenient?",ambiguous_error,incorrect,Is there no future for public transport because travelling by car is much more convenient?,"Is there any future to public transport, for travelling by car is much more convenient?","Is there any future for public transport, considering that travelling by car is much more convenient?",Is there no future for public transport because travelling by car is much more convenient?,True,False
197,B.dev.gold.bea19:000032,German,I really like to explore nature during summer too.,"I really like exploring nature during the summer, too.",gemma3:4b,2026-09-25T15:38:26.8169713Z,stop,I really like to explore nature during summer too.,correct,correct,I really like to explore nature during summer too.,I really like to explore nature during summer too.,"I really like exploring nature during the summer, too.",I really like to explore nature during summer too.,True,False
198,B.dev.gold.bea19:000745,Unknown,"If I had this house, I would decorat it in modern stayl.","If I had this house, I would decorate it in modern style.",gemma3:4b,2026-09-25T15:38:32.6609995Z,stop,"If I had this house, I would decorat it in modern stayl.",clear_error,incorrect,"If I had this house, I would decorate it in a modern style.","If I had this house, I would decorat it in modern stayl.","If I had this house, I would decorate it in modern style.","If I had this house, I would decorate it in a modern style.",True,False
199,B.dev.gold.bea19:000701,Malayalam,Swimming is my favourite sport.,Swimming is my favorite sport.,gemma3:4b,2026-09-25T15:38:37.0387741Z,stop,Swimming is my favourite sport.,correct,correct,Swimming is my favourite sport.,Swimming is my favourite sport.,Swimming is my favorite sport.,Swimming is my favourite sport.,True,False
200,B.dev.gold.bea19:000733,Unknown,"Regarding advertisement, technology is having a huge, and not always possitive impact on outdoor advertisement.","Regarding advertising, technology is having a huge and not always positive impact on outdoor advertisements.",gemma3:4b,2026-09-25T15:38:43.6181283Z,stop,"Regarding advertisement, technology is having a huge, and not always possitive impact on outdoor advertisement.",clear_error,incorrect,"Regarding advertising, technology is having a huge and not always positive impact on outdoor advertising.","Regarding advertisement, technology is having a huge, and not always possitive impact on outdoor advertisement.","Regarding advertising, technology is having a huge and not always positive impact on outdoor advertisements.","Regarding advertising, technology is having a huge and not always positive impact on outdoor advertising.",True,False
201,B.dev.gold.bea19:000433,German,It would definitely help you to grow and improve as a person.,It would definitely help you to grow and improve as a person.,gemma3:4b,2026-09-25T15:38:49.2115825Z,stop,It would definitely help you to grow and improve as a person.,correct,correct,It would definitely help you to grow and improve as a person.,It would definitely help you to grow and improve as a person.,It would definitely help you to grow and improve as a person.,It would definitely help you to grow and improve as a person.,False,True
202,B.dev.gold.bea19:000877,Arabic,So she took a deep breath and put her doll in the attic just like her childhood memories.,"So she took a deep breath and put her doll in the attic, just like her childhood memories.",gemma3:4b,2026-09-25T15:38:55.9146853Z,stop,So she took a deep breath and put her doll in the attic just like her childhood memories.,ambiguous_error,incorrect,"So she took a deep breath and put her doll in the attic, just like her childhood memories.",So she took a deep breath and put her doll in the attic just like her childhood memories.,"So she took a deep breath and put her doll in the attic, just like her childhood memories.","So she took a deep breath and put her doll in the attic, just like her childhood memories.",True,True
203,B.dev.gold.bea19:000374,German,Mostly Facebook users expect their friend to respond or pay attention on what they are doing.,"Mostly, Facebook users expect their friends to respond or pay attention to what they are doing.",gemma3:4b,2026-09-25T15:39:02.49372Z,stop,Mostly Facebook users expect their friend to respond or pay attention on what they are doing.,clear_error,incorrect,"Mostly, Facebook users expect their friends to respond or pay attention to what they are doing.",Mostly Facebook users expect their friend to respond or pay attention on what they are doing.,"Mostly, Facebook users expect their friends to respond or pay attention to what they are doing.","Mostly, Facebook users expect their friends to respond or pay attention to what they are doing.",True,True
204,B.dev.gold.bea19:001107,Arabic,"Is there any future to public transport, for travelling by car is much more convenient?","Is there any future for public transport, considering that travelling by car is much more convenient?",gemma3:4b,2026-09-25T15:39:09.1139204Z,stop,"Is there any future to public transport, for travelling by car is much more convenient?",ambiguous_error,incorrect,Is there no future for public transport because travelling by car is much more convenient?,"Is there any future to public transport, for travelling by car is much more convenient?","Is there any future for public transport, considering that travelling by car is much more convenient?",Is there no future for public transport because travelling by car is much more convenient?,True,False
205,B.dev.gold.bea19:000511,Malayalam,"Priority seats, are preserved to those who need, not only elders but also some adult need it.","Priority seats are preserved for those who need them, not only elders but also some adults.",gemma3:4b,2026-09-25T15:39:15.6197341Z,stop,"Priority seats, are preserved to those who need, not only elders but also some adult need it.",clear_error,incorrect,"Priority seats are reserved for those who need them, not only elderly people but also some adults need them.","Priority seats, are preserved to those who need, not only elders but also some adult need it.","Priority seats are preserved for those who need them, not only elders but also some adults.","Priority seats are reserved for those who need them, not only elderly people but also some adults need them.",True,False
206,B.dev.gold.bea19:000640,Unknown,"As more and more people choose to live in cities, nowadays our cities become larger and more crowded.","As more and more people choose to live in cities, our cities are now becoming larger and more crowded.",gemma3:4b,2026-09-25T15:39:22.7998608Z,stop,"As more and more people choose to live in cities, nowadays our cities become larger and more crowded.",clear_error,incorrect,"As more and more people choose to live in cities, nowadays, our cities are becoming larger and more crowded.","As more and more people choose to live in cities, nowadays our cities become larger and more crowded.","As more and more people choose to live in cities, our cities are now becoming larger and more crowded.","As more and more people choose to live in cities, nowadays, our cities are becoming larger and more crowded.",True,False
207,B.dev.gold.bea19:001165,Arabic,"That is a good quality of mine, I learn thing very fast and I also can get used to new thing.","That is a good quality of mine; I learn things very fast, and I also can get used to new things.",gemma3:4b,2026-09-25T15:39:30.3868498Z,stop,"That is a good quality of mine, I learn thing very fast and I also can get used to new thing.",clear_error,incorrect,That is a good quality of mine; I learn things very fast and I can also get used to new things.,"That is a good quality of mine, I learn thing very fast and I also can get used to new thing.","That is a good quality of mine; I learn things very fast, and I also can get used to new things.",That is a good quality of mine; I learn things very fast and I can also get used to new things.,True,False
208,B.dev.gold.bea19:000173,Arabic,"If the partially damaged sheets are bad, they will be treated as bad sheets, which will be securely distoryed.","If the partially damaged sheets are bad, they will be treated as bad sheets, which will be securely destroyed.",gemma3:4b,2026-09-25T15:39:37.835113Z,stop,"If the partially damaged sheets are bad, they will be treated as bad sheets, which will be securely distoryed.",clear_error,incorrect,"If the partially damaged sheets are bad, they will be treated as bad sheets, which will be securely destroyed.","If the partially damaged sheets are bad, they will be treated as bad sheets, which will be securely distoryed.","If the partially damaged sheets are bad, they will be treated as bad sheets, which will be securely destroyed.","If the partially damaged sheets are bad, they will be treated as bad sheets, which will be securely destroyed.",True,True
209,B.dev.gold.bea19:001285,German,All the household nearby the public road throws the dirty things easily and even don't bother about the order of the municipality.,All the households near the public road throw the dirty things easily and don't even bother about the order of the municipality.,gemma3:4b,2026-09-25T15:39:45.958524Z,stop,All the household nearby the public road throws the dirty things easily and even don't bother about the order of the municipality.,clear_error,incorrect,All the households nearby the public road throw dirty things away easily and don't even bother about the order of the municipality.,All the household nearby the public road throws the dirty things easily and even don't bother about the order of the municipality.,All the households near the public road throw the dirty things easily and don't even bother about the order of the municipality.,All the households nearby the public road throw dirty things away easily and don't even bother about the order of the municipality.,True,False
210,B.dev.gold.bea19:000856,Unknown,"Furthermore, books develops imagination of reader.","Furthermore, books develop the imagination of readers.",gemma3:4b,2026-09-25T15:39:51.3745825Z,stop,"Furthermore, books develops imagination of reader.",clear_error,incorrect,"Furthermore, books develop the imagination of the reader.","Furthermore, books develops imagination of reader.","Furthermore, books develop the imagination of readers.","Furthermore, books develop the imagination of the reader.",True,False
211,B.dev.gold.bea19:000433,Unknown,It would definitely help you to grow and improve as a person.,It would definitely help you to grow and improve.,gemma3:4b,2026-09-25T15:39:57.0353967Z,stop,It would definitely help you to grow and improve as a person.,correct,correct,It would definitely help you to grow and improve as a person.,It would definitely help you to grow and improve as a person.,It would definitely help you to grow and improve.,It would definitely help you to grow and improve as a person.,True,False
212,B.dev.gold.bea19:000877,Unknown,So she took a deep breath and put her doll in the attic just like her childhood memories.,"So she took a deep breath and put her doll in the attic, just like her childhood memories.",gemma3:4b,2026-09-25T15:40:04.3077519Z,stop,So she took a deep breath and put her doll in the attic just like her childhood memories.,ambiguous_error,incorrect,"So she took a deep breath and put her doll in the attic, just like her childhood memories.",So she took a deep breath and put her doll in the attic just like her childhood memories.,"So she took a deep breath and put her doll in the attic, just like her childhood memories.","So she took a deep breath and put her doll in the attic, just like her childhood memories.",True,True
213,B.dev.gold.bea19:000578,Arabic,"Everyone lives in despair, but can not find the entrance to brightness.","Everyone lives in despair, but cannot find the entrance to brightness.",gemma3:4b,2026-09-25T15:40:10.5637716Z,stop,"Everyone lives in despair, but can not find the entrance to brightness.",ambiguous_error,incorrect,"Everyone will live in despair, but be unable to find the entrance to brightness.","Everyone lives in despair, but can not find the entrance to brightness.","Everyone lives in despair, but cannot find the entrance to brightness.","Everyone will live in despair, but be unable to find the entrance to brightness.",True,False
214,B.dev.gold.bea19:000705,Unknown,"Swimming has different types; dolphin, crawl, backstroke and breast stroke.","Swimming has different types: dolphin, crawl, backstroke, and breaststroke.",gemma3:4b,2026-09-25T15:40:17.0244549Z,stop,"Swimming has different types; dolphin, crawl, backstroke and breast stroke.",ambiguous_error,incorrect,"Swimming has different styles; dolphin, crawl, backstroke and breast stroke.","Swimming has different types; dolphin, crawl, backstroke and breast stroke.","Swimming has different types: dolphin, crawl, backstroke, and breaststroke.","Swimming has different styles; dolphin, crawl, backstroke and breast stroke.",True,False
215,B.dev.gold.bea19:001007,Arabic,Nothing is impossible in life but not doubt it is not easy to find sincere friends.,"Nothing is impossible in life, but don't doubt it is not easy to find sincere friends.",gemma3:4b,2026-09-25T15:40:27.7610845Z,stop,Nothing is impossible in life but not doubt it is not easy to find sincere friends.,clear_error,incorrect,"Nothing is impossible in life, but it is not easy to find sincere friends.",Nothing is impossible in life but not doubt it is not easy to find sincere friends.,"Nothing is impossible in life, but don't doubt it is not easy to find sincere friends.","Nothing is impossible in life, but it is not easy to find sincere friends.",True,False
216,B.dev.gold.bea19:000165,Unknown,Peple should decide the background colour and thw artwork while they have to consider the security issues.,People should decide the background color and the artwork while they have to consider security issues.,gemma3:4b,2026-09-25T15:40:36.3873101Z,stop,Peple should decide the background colour and thw artwork while they have to consider the security issues.,clear_error,incorrect,People should decide the background colour and the artwork and they have to consider the security issues.,Peple should decide the background colour and thw artwork while they have to consider the security issues.,People should decide the background color and the artwork while they have to consider security issues.,People should decide the background colour and the artwork and they have to consider the security issues.,True,False
217,B.dev.gold.bea19:000136,Malayalam,"Finally, learning another language gives the learner the ability to step inside the mind and context of that other culture.","Finally, learning another language gives the learner the ability to step inside the mind and context of that other culture.",gemma3:4b,2026-09-25T15:40:45.936197Z,stop,"Finally, learning another language gives the learner the ability to step inside the mind and context of that other culture.",correct,correct,"Finally, learning another language gives the learner the ability to step inside the mind and context of that other culture.","Finally, learning another language gives the learner the ability to step inside the mind and context of that other culture.","Finally, learning another language gives the learner the ability to step inside the mind and context of that other culture.","Finally, learning another language gives the learner the ability to step inside the mind and context of that other culture.",False,True
218,B.dev.gold.bea19:001036,Arabic,"In conclusion, I want to say that that we should keep abreast of new technologies and try to make our lives easier","In conclusion, I want to say that we should keep abreast of new technologies and try to make our lives easier.",gemma3:4b,2026-09-25T15:40:53.8755289Z,stop,"In conclusion, I want to say that that we should keep abreast of new technologies and try to make our lives easier",clear_error,incorrect,"In conclusion, I want to say that we should keep abreast of new technologies and try to make our lives easier.","In conclusion, I want to say that that we should keep abreast of new technologies and try to make our lives easier","In conclusion, I want to say that we should keep abreast of new technologies and try to make our lives easier.","In conclusion, I want to say that we should keep abreast of new technologies and try to make our lives easier.",True,True
219,B.dev.gold.bea19:000107,Malayalam,"Well, the airport is located just outside Reus, it's small but it has a lot of servicies and transport.","Well, the airport is located just outside Reus; it’s small but it has a lot of services and transport.",gemma3:4b,2026-09-25T15:41:01.99471Z,stop,"Well, the airport is located just outside Reus, it's small but it has a lot of servicies and transport.",clear_error,incorrect,"Well, the airport is located just outside Reus. It's small but it has a lot of services and transport.","Well, the airport is located just outside Reus, it's small but it has a lot of servicies and transport.","Well, the airport is located just outside Reus; it's small but it has a lot of services and transport.","Well, the airport is located just outside Reus. It's small but it has a lot of services and transport.",True,False
220,B.dev.gold.bea19:001285,Unknown,All the household nearby the public road throws the dirty things easily and even don't bother about the order of the municipality.,All the households nearby the public road throw the dirty things easily and don't bother about the order of the municipality.,gemma3:4b,2026-09-25T15:41:10.3150179Z,stop,All the household nearby the public road throws the dirty things easily and even don't bother about the order of the municipality.,clear_error,incorrect,All the households nearby the public road throw dirty things away easily and don't even bother about the order of the municipality.,All the household nearby the public road throws the dirty things easily and even don't bother about the order of the municipality.,All the households nearby the public road throw the dirty things easily and don't bother about the order of the municipality.,All the households nearby the public road throw dirty things away easily and don't even bother about the order of the municipality.,True,False
221,B.dev.gold.bea19:000254,Unknown,"Although I am a young girl, I think I am a quialified person for the post.","Although I am a young girl, I think I am a qualified person for the post.",gemma3:4b,2026-09-25T15:41:18.286015Z,stop,"Although I am a young girl, I think I am a quialified person for the post.",clear_error,incorrect,"Although I am a young girl, I think I am a qualified person for the post.","Although I am a young girl, I think I am a quialified person for the post.","Although I am a young girl, I think I am a qualified person for the post.","Although I am a young girl, I think I am a qualified person for the post.",True,True
222,B.dev.gold.bea19:001148,Unknown,My curiosity had put me into a big trouble.,My curiosity has put me into big trouble.,gemma3:4b,2026-09-25T15:41:24.6396336Z,stop,My curiosity had put me into a big trouble.,clear_error,incorrect,My curiosity got me into big trouble.,My curiosity had put me into a big trouble.,My curiosity has put me into big trouble.,My curiosity got me into big trouble.,True,False
223,B.dev.gold.bea19:001038,Unknown,"This day was full of joy and happiness, but something went wrong after when she told him that she is pregnant.","This day was full of joy and happiness, but something went wrong after she told him that she was pregnant.",gemma3:4b,2026-09-25T15:41:32.9685545Z,stop,"This day was full of joy and happiness, but something went wrong after when she told him that she is pregnant.",clear_error,incorrect,"This day was full of joy and happiness, but something went wrong when she told him that she was pregnant.","This day was full of joy and happiness, but something went wrong after when she told him that she is pregnant.","This day was full of joy and happiness, but something went wrong after she told him that she was pregnant.","This day was full of joy and happiness, but something went wrong when she told him that she was pregnant.",True,False
224,B.dev.gold.bea19:000405,German,What a lovely weather today!,What lovely weather today!,gemma3:4b,2026-09-25T15:41:38.1545876Z,stop,What a lovely weather today!,clear_error,incorrect,What lovely weather today!,What a lovely weather today!,What lovely weather today!,What lovely weather today!,True,True
225,B.dev.gold.bea19:000967,German,We are living in a ever changing world.,We are living in a changing world.,gemma3:4b,2026-09-25T15:41:43.7447807Z,stop,We are living in a ever changing world.,clear_error,incorrect,We are living in an ever changing world.,We are living in a ever changing world.,We are living in a changing world.,We are living in an ever changing world.,True,False
226,B.dev.gold.bea19:001165,Unknown,"That is a good quality of mine, I learn thing very fast and I also can get used to new thing.","That is a good quality of mine; I learn things very fast, and I also can get used to new things.",gemma3:4b,2026-09-25T15:41:54.9379575Z,stop,"That is a good quality of mine, I learn thing very fast and I also can get used to new thing.",clear_error,incorrect,That is a good quality of mine; I learn things very fast and I can also get used to new things.,"That is a good quality of mine, I learn thing very fast and I also can get used to new thing.","That is a good quality of mine; I learn things very fast, and I also can get used to new things.",That is a good quality of mine; I learn things very fast and I can also get used to new things.,True,False
227,B.dev.gold.bea19:001148,Arabic,My curiosity had put me into a big trouble.,My curiosity has put me into big trouble.,gemma3:4b,2026-09-25T15:42:01.0860303Z,stop,My curiosity had put me into a big trouble.,clear_error,incorrect,My curiosity got me into big trouble.,My curiosity had put me into a big trouble.,My curiosity has put me into big trouble.,My curiosity got me into big trouble.,True,False
228,B.dev.gold.bea19:000990,Unknown,I've worked as social trainer and as educators since I was 16.,I have worked as a social trainer and educator since I was 16.,gemma3:4b,2026-09-25T15:42:09.5425245Z,stop,I've worked as social trainer and as educators since I was 16.,clear_error,incorrect,I've worked as a social trainer and as an educator since I was 16.,I've worked as social trainer and as educators since I was 16.,I have worked as a social trainer and educator since I was 16.,I've worked as a social trainer and as an educator since I was 16.,True,False
229,B.dev.gold.bea19:000136,German,"Finally, learning another language gives the learner the ability to step inside the mind and context of that other culture.","Finally, learning another language gives the learner the ability to step inside the mind and context of that other culture.",gemma3:4b,2026-09-25T15:42:20.980693Z,stop,"Finally, learning another language gives the learner the ability to step inside the mind and context of that other culture.",correct,correct,"Finally, learning another language gives the learner the ability to step inside the mind and context of that other culture.","Finally, learning another language gives the learner the ability to step inside the mind and context of that other culture.","Finally, learning another language gives the learner the ability to step inside the mind and context of that other culture.","Finally, learning another language gives the learner the ability to step inside the mind and context of that other culture.",False,True
230,B.dev.gold.bea19:000486,Malayalam,Moreover navy wars were represented in order to celebrate Roman army.,"Moreover, naval wars were represented in order to celebrate the Roman army.",gemma3:4b,2026-09-25T15:42:27.9713403Z,stop,Moreover navy wars were represented in order to celebrate Roman army.,ambiguous_error,incorrect,"In addition, naval wars were represented in order to celebrate the Roman army.",Moreover navy wars were represented in order to celebrate Roman army.,"Moreover, naval wars were represented in order to celebrate the Roman army.","In addition, naval wars were represented in order to celebrate the Roman army.",True,False
231,B.dev.gold.bea19:000567,Arabic,"From newspapers, magazines, even foreign medium, we can easily figure out that our environment is changing severely.","From newspapers, magazines, and even foreign media, we can easily see that our environment is changing severely.",gemma3:4b,2026-09-25T15:42:36.5901414Z,stop,"From newspapers, magazines, even foreign medium, we can easily figure out that our environment is changing severely.",clear_error,incorrect,"From newspapers, magazines, even foreign media, we can easily figure out that our environment is changing severely.","From newspapers, magazines, even foreign medium, we can easily figure out that our environment is changing severely.","From newspapers, magazines, and even foreign media, we can easily see that our environment is changing severely.","From newspapers, magazines, even foreign media, we can easily figure out that our environment is changing severely.",True,False
232,B.dev.gold.bea19:000020,German,There are a lot of products which have to be announced and a lot of messages to report to people.,There are a lot of products that have to be announced and a lot of messages to report to people.,gemma3:4b,2026-09-25T15:42:45.3875989Z,stop,There are a lot of products which have to be announced and a lot of messages to report to people.,ambiguous_error,incorrect,There are a lot of products which have to be advertised and a lot of messages to report to people.,There are a lot of products which have to be announced and a lot of messages to report to people.,There are a lot of products that have to be announced and a lot of messages to report to people.,There are a lot of products which have to be advertised and a lot of messages to report to people.,True,False
233,B.dev.gold.bea19:001214,Unknown,"That is very good idea, because that robbish undergo a recycling.","That is a very good idea, because that rubbish undergoes recycling.",gemma3:4b,2026-09-25T15:42:52.542749Z,stop,"That is very good idea, because that robbish undergo a recycling.",clear_error,incorrect,"That is a very good idea, because that rubbish undergoes recycling.","That is very good idea, because that robbish undergo a recycling.","That is a very good idea, because that rubbish undergoes recycling.","That is a very good idea, because that rubbish undergoes recycling.",True,True
234,B.dev.gold.bea19:001285,Malayalam,All the household nearby the public road throws the dirty things easily and even don't bother about the order of the municipality.,All the households nearby the public road throw the dirty things easily and don't bother about the order of the municipality.,gemma3:4b,2026-09-25T15:43:02.810891Z,stop,All the household nearby the public road throws the dirty things easily and even don't bother about the order of the municipality.,clear_error,incorrect,All the households nearby the public road throw dirty things away easily and don't even bother about the order of the municipality.,All the household nearby the public road throws the dirty things easily and even don't bother about the order of the municipality.,All the households nearby the public road throw the dirty things easily and don't bother about the order of the municipality.,All the households nearby the public road throw dirty things away easily and don't even bother about the order of the municipality.,True,False
235,B.dev.gold.bea19:000636,Arabic,"As we all know, the more public transport passengers use, the less car exhausts are emitted per person.","As we all know, the more public transport passengers use, the less car emissions are emitted per person.",gemma3:4b,2026-09-25T15:43:10.4174422Z,stop,"As we all know, the more public transport passengers use, the less car exhausts are emitted per person.",clear_error,incorrect,"As we all know, the more passengers use public transport, the less car exhaust is emitted per person.","As we all know, the more public transport passengers use, the less car exhausts are emitted per person.","As we all know, the more public transport passengers use, the less car emissions are emitted per person.","As we all know, the more passengers use public transport, the less car exhaust is emitted per person.",True,False
236,B.dev.gold.bea19:000640,Arabic,"As more and more people choose to live in cities, nowadays our cities become larger and more crowded.","Nowadays, as more and more people choose to live in cities, our cities become larger and more crowded.",gemma3:4b,2026-09-25T15:43:18.2174224Z,stop,"As more and more people choose to live in cities, nowadays our cities become larger and more crowded.",clear_error,incorrect,"As more and more people choose to live in cities, nowadays, our cities are becoming larger and more crowded.","As more and more people choose to live in cities, nowadays our cities become larger and more crowded.","Nowadays, as more and more people choose to live in cities, our cities become larger and more crowded.","As more and more people choose to live in cities, nowadays, our cities are becoming larger and more crowded.",True,False
237,B.dev.gold.bea19:000020,Malayalam,There are a lot of products which have to be announced and a lot of messages to report to people.,There are a lot of products that have to be announced and a lot of messages to report to people.,gemma3:4b,2026-09-25T15:43:25.4743942Z,stop,There are a lot of products which have to be announced and a lot of messages to report to people.,ambiguous_error,incorrect,There are a lot of products which have to be advertised and a lot of messages to report to people.,There are a lot of products which have to be announced and a lot of messages to report to people.,There are a lot of products that have to be announced and a lot of messages to report to people.,There are a lot of products which have to be advertised and a lot of messages to report to people.,True,False
238,B.dev.gold.bea19:001038,Arabic,"This day was full of joy and happiness, but something went wrong after when she told him that she is pregnant.","This day was full of joy and happiness, but something went wrong after she told him that she was pregnant.",gemma3:4b,2026-09-25T15:43:32.675172Z,stop,"This day was full of joy and happiness, but something went wrong after when she told him that she is pregnant.",clear_error,incorrect,"This day was full of joy and happiness, but something went wrong when she told him that she was pregnant.","This day was full of joy and happiness, but something went wrong after when she told him that she is pregnant.","This day was full of joy and happiness, but something went wrong after she told him that she was pregnant.","This day was full of joy and happiness, but something went wrong when she told him that she was pregnant.",True,False
239,B.dev.gold.bea19:000436,German,"As far as I'm concerned, public transportation is the best transport media for environmental care.","As far as I’m concerned, public transportation is the best mode of transport for environmental care.",gemma3:4b,2026-09-25T15:43:40.1238536Z,stop,"As far as I'm concerned, public transportation is the best transport media for environmental care.",clear_error,incorrect,"As far as I'm concerned, public transportation is the best means of transport for the environment.","As far as I'm concerned, public transportation is the best transport media for environmental care.","As far as I'm concerned, public transportation is the best mode of transport for environmental care.","As far as I'm concerned, public transportation is the best means of transport for the environment.",True,False
240,B.dev.gold.bea19:000712,Unknown,In the concert time all people can enjoy but nobody think about how they are preparing to concert.,"In the concert, everyone can enjoy, but nobody thinks about how they are preparing.",gemma3:4b,2026-09-25T15:43:47.7277166Z,stop,In the concert time all people can enjoy but nobody think about how they are preparing to concert.,ambiguous_error,incorrect,"During a concert everybody can enjoy themselves, but nobody thinks about how they prepare for a concert.",In the concert time all people can enjoy but nobody think about how they are preparing to concert.,"In the concert, everyone can enjoy, but nobody thinks about how they are preparing.","During a concert everybody can enjoy themselves, but nobody thinks about how they prepare for a concert.",True,False
