S_No,sentence_id,language,Sentence,recommended_category,gold_correction,qwen_answer,gemma_answer,qwen_exact_gold_match,gemma_exact_gold_match,qwen_non_gold_match,gemma_non_gold_match,comparison_category,category_description,manual_qwen_correct,manual_gemma_correct,manual_final_category,reviewer_notes
19,B.dev.gold.bea19:000020,Arabic,There are a lot of products which have to be announced and a lot of messages to report to people.,ambiguous_error,There are a lot of products which have to be advertised and a lot of messages to report to people.,There are many products that need to be announced and many messages to report to people.,There are a lot of products that have to be announced and a lot of messages to report to people.,False,False,True,True,both_models_error,Neither model exactly matches the gold correction,,,,
232,B.dev.gold.bea19:000020,German,There are a lot of products which have to be announced and a lot of messages to report to people.,ambiguous_error,There are a lot of products which have to be advertised and a lot of messages to report to people.,There are many products that need to be announced and many messages to send to people.,There are a lot of products that have to be announced and a lot of messages to report to people.,False,False,True,True,both_models_error,Neither model exactly matches the gold correction,,,,
237,B.dev.gold.bea19:000020,Malayalam,There are a lot of products which have to be announced and a lot of messages to report to people.,ambiguous_error,There are a lot of products which have to be advertised and a lot of messages to report to people.,There are many products that need to be announced and many messages to report to people.,There are a lot of products that have to be announced and a lot of messages to report to people.,False,False,True,True,both_models_error,Neither model exactly matches the gold correction,,,,
165,B.dev.gold.bea19:000020,Unknown,There are a lot of products which have to be announced and a lot of messages to report to people.,ambiguous_error,There are a lot of products which have to be advertised and a lot of messages to report to people.,There are many products that need to be announced and many messages to report to people.,There are a lot of products that have to be announced and a lot of messages to report to people.,False,False,True,True,both_models_error,Neither model exactly matches the gold correction,,,,
26,B.dev.gold.bea19:000032,Arabic,I really like to explore nature during summer too.,correct,I really like to explore nature during summer too.,I really like to explore nature in the summer too.,"I really like exploring nature during summer, too.",False,False,True,True,both_models_error,Neither model exactly matches the gold correction,,,,
197,B.dev.gold.bea19:000032,German,I really like to explore nature during summer too.,correct,I really like to explore nature during summer too.,I really like to explore nature in the summer too.,"I really like exploring nature during the summer, too.",False,False,True,True,both_models_error,Neither model exactly matches the gold correction,,,,
193,B.dev.gold.bea19:000032,Malayalam,I really like to explore nature during summer too.,correct,I really like to explore nature during summer too.,I really like to explore nature in the summer too.,"I really like exploring nature during the summer, too.",False,False,True,True,both_models_error,Neither model exactly matches the gold correction,,,,
143,B.dev.gold.bea19:000032,Unknown,I really like to explore nature during summer too.,correct,I really like to explore nature during summer too.,I really like to explore nature in the summer too.,"I really like exploring nature during the summer, too.",False,False,True,True,both_models_error,Neither model exactly matches the gold correction,,,,
159,B.dev.gold.bea19:000062,Arabic,He followed and apoligized her.,clear_error,He followed and apologized to her.,He apologized to her.,He followed and apologized to her.,False,True,True,False,qwen_only_error,Only Qwen differs from the gold correction,,,,
189,B.dev.gold.bea19:000062,German,He followed and apoligized her.,clear_error,He followed and apologized to her.,He apologized to her.,He followed and apologized to her.,False,True,True,False,qwen_only_error,Only Qwen differs from the gold correction,,,,
48,B.dev.gold.bea19:000062,Malayalam,He followed and apoligized her.,clear_error,He followed and apologized to her.,He apologized to her.,He followed and apologized to her.,False,True,True,False,qwen_only_error,Only Qwen differs from the gold correction,,,,
190,B.dev.gold.bea19:000062,Unknown,He followed and apoligized her.,clear_error,He followed and apologized to her.,He apologized to her.,He followed and apologized to her.,False,True,True,False,qwen_only_error,Only Qwen differs from the gold correction,,,,
153,B.dev.gold.bea19:000063,Arabic,He said he was drunk and didn't know what he was saying.,correct,He said he was drunk and didn't know what he was saying.,He said he was drunk and didn't know what he was saying.,He said he was drunk and didn't know what he was saying.,True,True,False,False,both_models_match,Both models exactly match the gold correction,,,,
130,B.dev.gold.bea19:000063,German,He said he was drunk and didn't know what he was saying.,correct,He said he was drunk and didn't know what he was saying.,He said he was drunk and didn't know what he was saying.,He said he was drunk and didn’t know what he was saying.,True,True,False,False,both_models_match,Both models exactly match the gold correction,,,,
34,B.dev.gold.bea19:000063,Malayalam,He said he was drunk and didn't know what he was saying.,correct,He said he was drunk and didn't know what he was saying.,He said he was drunk and didn't know what he was saying.,He said he was drunk and didn't know what he was saying.,True,True,False,False,both_models_match,Both models exactly match the gold correction,,,,
97,B.dev.gold.bea19:000063,Unknown,He said he was drunk and didn't know what he was saying.,correct,He said he was drunk and didn't know what he was saying.,He said he was drunk and didn't know what he was saying.,He said he was drunk and didn't know what he was saying.,True,True,False,False,both_models_match,Both models exactly match the gold correction,,,,
169,B.dev.gold.bea19:000101,Arabic,"If you tried all the activities, you would spend a great time here, in Castelldefels!",clear_error,"If you tried all the activities, you would have a great time here in Castelldefels!","If you tried all the activities, you would have a great time here, in Castelldefels!","If you tried all the activities, you would have a great time here in Castelldefels!",False,True,True,False,qwen_only_error,Only Qwen differs from the gold correction,,,,
58,B.dev.gold.bea19:000101,German,"If you tried all the activities, you would spend a great time here, in Castelldefels!",clear_error,"If you tried all the activities, you would have a great time here in Castelldefels!","If you tried all the activities, you would have a great time here, in Castelldefels!","If you tried all the activities, you would have a great time here in Castelldefels!",False,True,True,False,qwen_only_error,Only Qwen differs from the gold correction,,,,
33,B.dev.gold.bea19:000101,Malayalam,"If you tried all the activities, you would spend a great time here, in Castelldefels!",clear_error,"If you tried all the activities, you would have a great time here in Castelldefels!","If you tried all the activities, you would have a great time here in Castelldefels!","If you tried all the activities, you would spend a great time here in Castelldefels!",True,False,False,True,gemma_only_error,Only Gemma differs from the gold correction,,,,
179,B.dev.gold.bea19:000101,Unknown,"If you tried all the activities, you would spend a great time here, in Castelldefels!",clear_error,"If you tried all the activities, you would have a great time here in Castelldefels!","If you tried all the activities, you would have a great time here, in Castelldefels!","If you tried all the activities, you would spend a great time here in Castelldefels!",False,False,True,True,both_models_error,Neither model exactly matches the gold correction,,,,
128,B.dev.gold.bea19:000107,Arabic,"Well, the airport is located just outside Reus, it's small but it has a lot of servicies and transport.",clear_error,"Well, the airport is located just outside Reus. It's small but it has a lot of services and transport.","Well, the airport is located just outside Reus; it's small but it has many services and transport options.","Well, the airport is located just outside Reus; it’s small but it has a lot of services and transport.",False,False,True,True,both_models_error,Neither model exactly matches the gold correction,,,,
117,B.dev.gold.bea19:000107,German,"Well, the airport is located just outside Reus, it's small but it has a lot of servicies and transport.",clear_error,"Well, the airport is located just outside Reus. It's small but it has a lot of services and transport.","Well, the airport is located just outside Reus; it's small but it has many services and transport options.","Well, the airport is located just outside Reus; it’s small but it has a lot of services and transport.",False,False,True,True,both_models_error,Neither model exactly matches the gold correction,,,,
219,B.dev.gold.bea19:000107,Malayalam,"Well, the airport is located just outside Reus, it's small but it has a lot of servicies and transport.",clear_error,"Well, the airport is located just outside Reus. It's small but it has a lot of services and transport.","Well, the airport is located just outside Reus; it's small but it has many services and transport options.","Well, the airport is located just outside Reus; it’s small but it has a lot of services and transport.",False,False,True,True,both_models_error,Neither model exactly matches the gold correction,,,,
54,B.dev.gold.bea19:000107,Unknown,"Well, the airport is located just outside Reus, it's small but it has a lot of servicies and transport.",clear_error,"Well, the airport is located just outside Reus. It's small but it has a lot of services and transport.","Well, the airport is located just outside Reus; it's small but it has many services and transport options.","Well, the airport is located just outside Reus; it’s small but it has a lot of services and transport.",False,False,True,True,both_models_error,Neither model exactly matches the gold correction,,,,
120,B.dev.gold.bea19:000136,Arabic,"Finally, learning another language gives the learner the ability to step inside the mind and context of that other culture.",correct,"Finally, learning another language gives the learner the ability to step inside the mind and context of that other culture.","Finally, learning another language allows the learner to step into the mind and context of that other culture.","Finally, learning another language gives the learner the ability to step inside the mind and context of that other culture.",False,True,True,False,qwen_only_error,Only Qwen differs from the gold correction,,,,
229,B.dev.gold.bea19:000136,German,"Finally, learning another language gives the learner the ability to step inside the mind and context of that other culture.",correct,"Finally, learning another language gives the learner the ability to step inside the mind and context of that other culture.","Finally, learning another language gives the learner the ability to step into the mind and context of that other culture.","Finally, learning another language gives the learner the ability to step inside the mind and context of that other culture.",False,True,True,False,qwen_only_error,Only Qwen differs from the gold correction,,,,
217,B.dev.gold.bea19:000136,Malayalam,"Finally, learning another language gives the learner the ability to step inside the mind and context of that other culture.",correct,"Finally, learning another language gives the learner the ability to step inside the mind and context of that other culture.","Finally, learning another language gives the learner the ability to step into the mind and context of that other culture.","Finally, learning another language gives the learner the ability to step inside the mind and context of that other culture.",False,True,True,False,qwen_only_error,Only Qwen differs from the gold correction,,,,
36,B.dev.gold.bea19:000136,Unknown,"Finally, learning another language gives the learner the ability to step inside the mind and context of that other culture.",correct,"Finally, learning another language gives the learner the ability to step inside the mind and context of that other culture.","Finally, learning another language gives the learner the ability to step into the mind and context of that other culture.","Finally, learning another language gives the learner the ability to step inside the mind and context of that other culture.",False,True,True,False,qwen_only_error,Only Qwen differs from the gold correction,,,,
89,B.dev.gold.bea19:000149,Arabic,"The delivery was wrong, so now I am a huge hurry because I need my mobile to work every day.",clear_error,"The delivery was wrong, so now I am in a huge hurry because I need my mobile to work every day.","The delivery was wrong, so now I'm in a huge rush because I need my phone to work every day.","The delivery was wrong, so now I am in a hurry because I need my mobile to work every day.",False,False,True,True,both_models_error,Neither model exactly matches the gold correction,,,,
142,B.dev.gold.bea19:000149,German,"The delivery was wrong, so now I am a huge hurry because I need my mobile to work every day.",clear_error,"The delivery was wrong, so now I am in a huge hurry because I need my mobile to work every day.","The delivery was wrong, so now I'm in a huge rush because I need my phone to work every day.","The delivery was wrong, so now I am in a huge hurry because I need my mobile to work every day.",False,True,True,False,qwen_only_error,Only Qwen differs from the gold correction,,,,
68,B.dev.gold.bea19:000149,Malayalam,"The delivery was wrong, so now I am a huge hurry because I need my mobile to work every day.",clear_error,"The delivery was wrong, so now I am in a huge hurry because I need my mobile to work every day.","The delivery was wrong, so now I am in a huge hurry because I need my mobile to work every day.","The delivery was wrong, so now I’m in a huge hurry because I need my mobile to work every day.",True,False,False,True,gemma_only_error,Only Gemma differs from the gold correction,,,,
146,B.dev.gold.bea19:000149,Unknown,"The delivery was wrong, so now I am a huge hurry because I need my mobile to work every day.",clear_error,"The delivery was wrong, so now I am in a huge hurry because I need my mobile to work every day.","The delivery was wrong, so now I'm in a huge hurry because I need my phone to work every day.","The delivery was wrong, so now I am in a hurry because I need my mobile to work every day.",False,False,True,True,both_models_error,Neither model exactly matches the gold correction,,,,
148,B.dev.gold.bea19:000165,Arabic,Peple should decide the background colour and thw artwork while they have to consider the security issues.,clear_error,People should decide the background colour and the artwork and they have to consider the security issues.,People should decide the background color and the artwork while they have to consider the security issues.,People should decide the background color and the artwork while they have to consider the security issues.,False,False,True,True,both_models_error,Neither model exactly matches the gold correction,,,,
16,B.dev.gold.bea19:000165,German,Peple should decide the background colour and thw artwork while they have to consider the security issues.,clear_error,People should decide the background colour and the artwork and they have to consider the security issues.,People should decide the background color and the artwork while they have to consider the security issues.,People should decide the background color and the artwork while they have to consider the security issues.,False,False,True,True,both_models_error,Neither model exactly matches the gold correction,,,,
180,B.dev.gold.bea19:000165,Malayalam,Peple should decide the background colour and thw artwork while they have to consider the security issues.,clear_error,People should decide the background colour and the artwork and they have to consider the security issues.,People should decide the background color and the artwork while considering security issues.,People should decide the background color and the artwork while they have to consider the security issues.,False,False,True,True,both_models_error,Neither model exactly matches the gold correction,,,,
216,B.dev.gold.bea19:000165,Unknown,Peple should decide the background colour and thw artwork while they have to consider the security issues.,clear_error,People should decide the background colour and the artwork and they have to consider the security issues.,People should decide the background color and the artwork while they have to consider the security issues.,People should decide the background color and the artwork while they have to consider security issues.,False,False,True,True,both_models_error,Neither model exactly matches the gold correction,,,,
208,B.dev.gold.bea19:000173,Arabic,"If the partially damaged sheets are bad, they will be treated as bad sheets, which will be securely distoryed.",clear_error,"If the partially damaged sheets are bad, they will be treated as bad sheets, which will be securely destroyed.","If the partially damaged sheets are defective, they will be treated as scrap and securely destroyed.","If the partially damaged sheets are bad, they will be treated as bad sheets, which will be securely destroyed.",False,True,True,False,qwen_only_error,Only Qwen differs from the gold correction,,,,
73,B.dev.gold.bea19:000173,German,"If the partially damaged sheets are bad, they will be treated as bad sheets, which will be securely distoryed.",clear_error,"If the partially damaged sheets are bad, they will be treated as bad sheets, which will be securely destroyed.","If the partially damaged sheets are defective, they will be classified as defective sheets and securely destroyed.","If the partially damaged sheets are bad, they will be treated as bad sheets, which will be securely destroyed.",False,True,True,False,qwen_only_error,Only Qwen differs from the gold correction,,,,
2,B.dev.gold.bea19:000173,Malayalam,"If the partially damaged sheets are bad, they will be treated as bad sheets, which will be securely distoryed.",clear_error,"If the partially damaged sheets are bad, they will be treated as bad sheets, which will be securely destroyed.","If the partially damaged sheets are defective, they will be classified as defective and securely destroyed.","If the partially damaged sheets are bad, they will be treated as bad sheets, which will be securely destroyed.",False,True,True,False,qwen_only_error,Only Qwen differs from the gold correction,,,,
15,B.dev.gold.bea19:000173,Unknown,"If the partially damaged sheets are bad, they will be treated as bad sheets, which will be securely distoryed.",clear_error,"If the partially damaged sheets are bad, they will be treated as bad sheets, which will be securely destroyed.","If the partially damaged sheets are bad, they will be treated as defective sheets and securely destroyed.","If the partially damaged sheets are bad, they will be treated as bad sheets, which will be securely destroyed.",False,True,True,False,qwen_only_error,Only Qwen differs from the gold correction,,,,
29,B.dev.gold.bea19:000187,Arabic,We want a happy Earth.,correct,We want a happy Earth.,We want a happy Earth.,We want a happy Earth.,True,True,False,False,both_models_match,Both models exactly match the gold correction,,,,
84,B.dev.gold.bea19:000187,German,We want a happy Earth.,correct,We want a happy Earth.,We want a happy Earth.,We want a happy Earth.,True,True,False,False,both_models_match,Both models exactly match the gold correction,,,,
39,B.dev.gold.bea19:000187,Malayalam,We want a happy Earth.,correct,We want a happy Earth.,We want a happy Earth.,We want a happy Earth.,True,True,False,False,both_models_match,Both models exactly match the gold correction,,,,
64,B.dev.gold.bea19:000187,Unknown,We want a happy Earth.,correct,We want a happy Earth.,We want a happy Earth.,We want a happy Earth.,True,True,False,False,both_models_match,Both models exactly match the gold correction,,,,
11,B.dev.gold.bea19:000216,Arabic,"Second, the teachers were really good skills to teach.",clear_error,"Second, the teachers had really good teaching skills.","Second, the teachers had really good teaching skills.","Second, the teachers were really good skills to teach.",True,False,False,True,gemma_only_error,Only Gemma differs from the gold correction,,,,
106,B.dev.gold.bea19:000216,German,"Second, the teachers were really good skills to teach.",clear_error,"Second, the teachers had really good teaching skills.","Second, the teachers had really good teaching skills.","Second, the teachers were really good skills to teach.",True,False,False,True,gemma_only_error,Only Gemma differs from the gold correction,,,,
123,B.dev.gold.bea19:000216,Malayalam,"Second, the teachers were really good skills to teach.",clear_error,"Second, the teachers had really good teaching skills.","Second, the teachers had really good teaching skills.","Second, the teachers were really good skills to teach.",True,False,False,True,gemma_only_error,Only Gemma differs from the gold correction,,,,
135,B.dev.gold.bea19:000216,Unknown,"Second, the teachers were really good skills to teach.",clear_error,"Second, the teachers had really good teaching skills.","Second, the teachers had really good teaching skills.","Second, the teachers were really good skills to teach.",True,False,False,True,gemma_only_error,Only Gemma differs from the gold correction,,,,
61,B.dev.gold.bea19:000226,Arabic,I am keen on cinema thus I love to watch all types of fims.,clear_error,I am keen on cinema and I love to watch all types of films.,"I am keen on cinema, so I love to watch all types of films.","I am keen on cinema, thus I love to watch all types of films.",False,False,True,True,both_models_error,Neither model exactly matches the gold correction,,,,
112,B.dev.gold.bea19:000226,German,I am keen on cinema thus I love to watch all types of fims.,clear_error,I am keen on cinema and I love to watch all types of films.,"I am keen on cinema, so I love to watch all types of films.","I am keen on cinema, thus I love to watch all types of films.",False,False,True,True,both_models_error,Neither model exactly matches the gold correction,,,,
71,B.dev.gold.bea19:000226,Malayalam,I am keen on cinema thus I love to watch all types of fims.,clear_error,I am keen on cinema and I love to watch all types of films.,"I am keen on cinema, so I love to watch all types of films.","I am keen on cinema, thus I love to watch all types of films.",False,False,True,True,both_models_error,Neither model exactly matches the gold correction,,,,
175,B.dev.gold.bea19:000226,Unknown,I am keen on cinema thus I love to watch all types of fims.,clear_error,I am keen on cinema and I love to watch all types of films.,"I am keen on cinema, so I love to watch all types of films.","I am keen on cinema, thus I love to watch all types of films.",False,False,True,True,both_models_error,Neither model exactly matches the gold correction,,,,
43,B.dev.gold.bea19:000232,Arabic,It reveals that our feelings cross the boundaries of all cultures and we are connected to each other.,correct,It reveals that our feelings cross the boundaries of all cultures and we are connected to each other.,It reveals that our feelings transcend cultural boundaries and connect us all.,It reveals that our feelings cross the boundaries of all cultures and we are connected to each other.,False,True,True,False,qwen_only_error,Only Qwen differs from the gold correction,,,,
114,B.dev.gold.bea19:000232,German,It reveals that our feelings cross the boundaries of all cultures and we are connected to each other.,correct,It reveals that our feelings cross the boundaries of all cultures and we are connected to each other.,It reveals that our feelings transcend cultural boundaries and connect us to one another.,It reveals that our feelings cross the boundaries of all cultures and we are connected to each other.,False,True,True,False,qwen_only_error,Only Qwen differs from the gold correction,,,,
188,B.dev.gold.bea19:000232,Malayalam,It reveals that our feelings cross the boundaries of all cultures and we are connected to each other.,correct,It reveals that our feelings cross the boundaries of all cultures and we are connected to each other.,It reveals that our feelings transcend cultural boundaries and connect us to one another.,It reveals that our feelings cross the boundaries of all cultures and we are connected to each other.,False,True,True,False,qwen_only_error,Only Qwen differs from the gold correction,,,,
167,B.dev.gold.bea19:000232,Unknown,It reveals that our feelings cross the boundaries of all cultures and we are connected to each other.,correct,It reveals that our feelings cross the boundaries of all cultures and we are connected to each other.,It reveals that our feelings transcend cultural boundaries and connect us all.,It reveals that our feelings cross the boundaries of all cultures and we are connected to each other.,False,True,True,False,qwen_only_error,Only Qwen differs from the gold correction,,,,
144,B.dev.gold.bea19:000245,Arabic,When I work anything I feel that I have the world in my hand so I can do anything for people.,ambiguous_error,"When I work, I feel that I have the world in my hand, so I can do anything for people.","When I work on anything, I feel like I have the world in my hands, so I can do anything for people.","When I work on anything, I feel that I have the world in my hand, so I can do anything for people.",False,False,True,True,both_models_error,Neither model exactly matches the gold correction,,,,
126,B.dev.gold.bea19:000245,German,When I work anything I feel that I have the world in my hand so I can do anything for people.,ambiguous_error,"When I work, I feel that I have the world in my hand, so I can do anything for people.","When I work on anything, I feel that I have the world in my hands, so I can do anything for people.","When I work on anything, I feel that I have the world in my hand, so I can do anything for people.",False,False,True,True,both_models_error,Neither model exactly matches the gold correction,,,,
171,B.dev.gold.bea19:000245,Malayalam,When I work anything I feel that I have the world in my hand so I can do anything for people.,ambiguous_error,"When I work, I feel that I have the world in my hand, so I can do anything for people.","When I work hard, I feel that I have the power to do anything for people.","When I work on anything, I feel that I have the world in my hand, so I can do anything for people.",False,False,True,True,both_models_error,Neither model exactly matches the gold correction,,,,
116,B.dev.gold.bea19:000245,Unknown,When I work anything I feel that I have the world in my hand so I can do anything for people.,ambiguous_error,"When I work, I feel that I have the world in my hand, so I can do anything for people.","When I work hard, I feel like I have the world in my hands, so I can do anything for people.","When I work on anything, I feel that I have the world in my hand, so I can do anything for people.",False,False,True,True,both_models_error,Neither model exactly matches the gold correction,,,,
138,B.dev.gold.bea19:000254,Arabic,"Although I am a young girl, I think I am a quialified person for the post.",clear_error,"Although I am a young girl, I think I am a qualified person for the post.","Although I am a young girl, I think I am a qualified person for the post.","Although I am a young girl, I think I am a qualified person for the post.",True,True,False,False,both_models_match,Both models exactly match the gold correction,,,,
52,B.dev.gold.bea19:000254,German,"Although I am a young girl, I think I am a quialified person for the post.",clear_error,"Although I am a young girl, I think I am a qualified person for the post.","Although I am a young girl, I think I am a qualified person for the post.","Although I am a young girl, I think I am a qualified person for the post.",True,True,False,False,both_models_match,Both models exactly match the gold correction,,,,
158,B.dev.gold.bea19:000254,Malayalam,"Although I am a young girl, I think I am a quialified person for the post.",clear_error,"Although I am a young girl, I think I am a qualified person for the post.","Although I am a young girl, I think I am a qualified person for the post.","Although I am a young girl, I think I am a qualified person for the post.",True,True,False,False,both_models_match,Both models exactly match the gold correction,,,,
221,B.dev.gold.bea19:000254,Unknown,"Although I am a young girl, I think I am a quialified person for the post.",clear_error,"Although I am a young girl, I think I am a qualified person for the post.","Although I am a young girl, I think I am a qualified person for the post.","Although I am a young girl, I think I am a qualified person for the post.",True,True,False,False,both_models_match,Both models exactly match the gold correction,,,,
69,B.dev.gold.bea19:000358,Arabic,"Unsurprisingly, social consequences of Facebook and Twitter plays an important role in communication, regardless of distance or time.",clear_error,"Unsurprisingly, the social consequences of Facebook and Twitter play an important role in communication, regardless of distance or time.","Unsurprisingly, the social consequences of Facebook and Twitter play an important role in communication, regardless of distance or time.","Unsurprisingly, the social consequences of Facebook and Twitter play an important role in communication, regardless of distance or time.",True,True,False,False,both_models_match,Both models exactly match the gold correction,,,,
182,B.dev.gold.bea19:000358,German,"Unsurprisingly, social consequences of Facebook and Twitter plays an important role in communication, regardless of distance or time.",clear_error,"Unsurprisingly, the social consequences of Facebook and Twitter play an important role in communication, regardless of distance or time.","Unsurprisingly, the social consequences of Facebook and Twitter play an important role in communication, regardless of distance or time.","Unsurprisingly, the social consequences of Facebook and Twitter play an important role in communication, regardless of distance or time.",True,True,False,False,both_models_match,Both models exactly match the gold correction,,,,
192,B.dev.gold.bea19:000358,Malayalam,"Unsurprisingly, social consequences of Facebook and Twitter plays an important role in communication, regardless of distance or time.",clear_error,"Unsurprisingly, the social consequences of Facebook and Twitter play an important role in communication, regardless of distance or time.","Unsurprisingly, the social consequences of Facebook and Twitter play an important role in communication, regardless of distance or time.","Unsurprisingly, the social consequences of Facebook and Twitter play an important role in communication, regardless of distance or time.",True,True,False,False,both_models_match,Both models exactly match the gold correction,,,,
63,B.dev.gold.bea19:000358,Unknown,"Unsurprisingly, social consequences of Facebook and Twitter plays an important role in communication, regardless of distance or time.",clear_error,"Unsurprisingly, the social consequences of Facebook and Twitter play an important role in communication, regardless of distance or time.","Unsurprisingly, the social consequences of Facebook and Twitter play an important role in communication, regardless of distance or time.","Unsurprisingly, the social consequences of Facebook and Twitter play an important role in communication, regardless of distance or time.",True,True,False,False,both_models_match,Both models exactly match the gold correction,,,,
45,B.dev.gold.bea19:000374,Arabic,Mostly Facebook users expect their friend to respond or pay attention on what they are doing.,clear_error,"Mostly, Facebook users expect their friends to respond or pay attention to what they are doing.","Mostly, Facebook users expect their friends to respond or pay attention to what they are doing.","Mostly, Facebook users expect their friends to respond or pay attention to what they are doing.",True,True,False,False,both_models_match,Both models exactly match the gold correction,,,,
203,B.dev.gold.bea19:000374,German,Mostly Facebook users expect their friend to respond or pay attention on what they are doing.,clear_error,"Mostly, Facebook users expect their friends to respond or pay attention to what they are doing.","Mostly, Facebook users expect their friends to respond or pay attention to what they are doing.","Mostly, Facebook users expect their friends to respond or pay attention to what they are doing.",True,True,False,False,both_models_match,Both models exactly match the gold correction,,,,
161,B.dev.gold.bea19:000374,Malayalam,Mostly Facebook users expect their friend to respond or pay attention on what they are doing.,clear_error,"Mostly, Facebook users expect their friends to respond or pay attention to what they are doing.","Mostly, Facebook users expect their friends to respond or pay attention to what they are doing.","Mostly, Facebook users expect their friends to respond or pay attention to what they are doing.",True,True,False,False,both_models_match,Both models exactly match the gold correction,,,,
155,B.dev.gold.bea19:000374,Unknown,Mostly Facebook users expect their friend to respond or pay attention on what they are doing.,clear_error,"Mostly, Facebook users expect their friends to respond or pay attention to what they are doing.","Mostly, Facebook users expect their friends to respond or pay attention to what they are doing.","Mostly, Facebook users expect their friends to respond or pay attention to what they are doing.",True,True,False,False,both_models_match,Both models exactly match the gold correction,,,,
42,B.dev.gold.bea19:000405,Arabic,What a lovely weather today!,clear_error,What lovely weather today!,What lovely weather it is today!,What lovely weather today!,False,True,True,False,qwen_only_error,Only Qwen differs from the gold correction,,,,
224,B.dev.gold.bea19:000405,German,What a lovely weather today!,clear_error,What lovely weather today!,What lovely weather it is today!,What lovely weather today!,False,True,True,False,qwen_only_error,Only Qwen differs from the gold correction,,,,
3,B.dev.gold.bea19:000405,Malayalam,What a lovely weather today!,clear_error,What lovely weather today!,What lovely weather it is today!,What lovely weather it is today!,False,False,True,True,both_models_error,Neither model exactly matches the gold correction,,,,
186,B.dev.gold.bea19:000405,Unknown,What a lovely weather today!,clear_error,What lovely weather today!,What lovely weather it is today!,What lovely weather today!,False,True,True,False,qwen_only_error,Only Qwen differs from the gold correction,,,,
79,B.dev.gold.bea19:000433,Arabic,It would definitely help you to grow and improve as a person.,correct,It would definitely help you to grow and improve as a person.,It would definitely help you grow and improve as a person.,It would definitely help you to grow and improve.,False,False,True,True,both_models_error,Neither model exactly matches the gold correction,,,,
201,B.dev.gold.bea19:000433,German,It would definitely help you to grow and improve as a person.,correct,It would definitely help you to grow and improve as a person.,It would definitely help you to grow and improve as a person.,It would definitely help you to grow and improve as a person.,True,True,False,False,both_models_match,Both models exactly match the gold correction,,,,
67,B.dev.gold.bea19:000433,Malayalam,It would definitely help you to grow and improve as a person.,correct,It would definitely help you to grow and improve as a person.,It would definitely help you grow and improve as a person.,It would definitely help you to grow and improve.,False,False,True,True,both_models_error,Neither model exactly matches the gold correction,,,,
211,B.dev.gold.bea19:000433,Unknown,It would definitely help you to grow and improve as a person.,correct,It would definitely help you to grow and improve as a person.,It would definitely help you to grow and improve as a person.,It would definitely help you to grow and improve.,True,False,False,True,gemma_only_error,Only Gemma differs from the gold correction,,,,
44,B.dev.gold.bea19:000436,Arabic,"As far as I'm concerned, public transportation is the best transport media for environmental care.",clear_error,"As far as I'm concerned, public transportation is the best means of transport for the environment.","As far as I'm concerned, public transportation is the best mode of transport for environmental protection.","As far as I’m concerned, public transportation is the best mode of transport for environmental care.",False,False,True,True,both_models_error,Neither model exactly matches the gold correction,,,,
239,B.dev.gold.bea19:000436,German,"As far as I'm concerned, public transportation is the best transport media for environmental care.",clear_error,"As far as I'm concerned, public transportation is the best means of transport for the environment.","As far as I'm concerned, public transportation is the best form of transport for environmental protection.","As far as I’m concerned, public transportation is the best mode of transport for environmental care.",False,False,True,True,both_models_error,Neither model exactly matches the gold correction,,,,
13,B.dev.gold.bea19:000436,Malayalam,"As far as I'm concerned, public transportation is the best transport media for environmental care.",clear_error,"As far as I'm concerned, public transportation is the best means of transport for the environment.","As far as I'm concerned, public transportation is the best mode of transport for environmental protection.","As far as I’m concerned, public transportation is the best mode of transport for environmental care.",False,False,True,True,both_models_error,Neither model exactly matches the gold correction,,,,
183,B.dev.gold.bea19:000436,Unknown,"As far as I'm concerned, public transportation is the best transport media for environmental care.",clear_error,"As far as I'm concerned, public transportation is the best means of transport for the environment.","As far as I'm concerned, public transportation is the best mode of transport for environmental protection.","As far as I’m concerned, public transportation is the best mode of transport for environmental care.",False,False,True,True,both_models_error,Neither model exactly matches the gold correction,,,,
104,B.dev.gold.bea19:000486,Arabic,Moreover navy wars were represented in order to celebrate Roman army.,ambiguous_error,"In addition, naval wars were represented in order to celebrate the Roman army.","Moreover, naval battles were depicted to celebrate the Roman army.","Moreover, naval wars were represented in order to celebrate the Roman army.",False,False,True,True,both_models_error,Neither model exactly matches the gold correction,,,,
119,B.dev.gold.bea19:000486,German,Moreover navy wars were represented in order to celebrate Roman army.,ambiguous_error,"In addition, naval wars were represented in order to celebrate the Roman army.","Moreover, naval battles were depicted to celebrate the Roman army.","Moreover, naval wars were represented in order to celebrate the Roman army.",False,False,True,True,both_models_error,Neither model exactly matches the gold correction,,,,
230,B.dev.gold.bea19:000486,Malayalam,Moreover navy wars were represented in order to celebrate Roman army.,ambiguous_error,"In addition, naval wars were represented in order to celebrate the Roman army.","Moreover, naval battles were depicted to celebrate the Roman army.","Moreover, naval wars were represented in order to celebrate the Roman army.",False,False,True,True,both_models_error,Neither model exactly matches the gold correction,,,,
94,B.dev.gold.bea19:000486,Unknown,Moreover navy wars were represented in order to celebrate Roman army.,ambiguous_error,"In addition, naval wars were represented in order to celebrate the Roman army.","Moreover, naval battles were depicted to celebrate the Roman army.","Moreover, naval wars were represented in order to celebrate the Roman army.",False,False,True,True,both_models_error,Neither model exactly matches the gold correction,,,,
65,B.dev.gold.bea19:000511,Arabic,"Priority seats, are preserved to those who need, not only elders but also some adult need it.",clear_error,"Priority seats are reserved for those who need them, not only elderly people but also some adults need them.","Priority seats are reserved for those who need them, not only the elderly but also some adults.","Priority seats are preserved to those who need them, not only elders but also some adults.",False,False,True,True,both_models_error,Neither model exactly matches the gold correction,,,,
82,B.dev.gold.bea19:000511,German,"Priority seats, are preserved to those who need, not only elders but also some adult need it.",clear_error,"Priority seats are reserved for those who need them, not only elderly people but also some adults need them.","Priority seats are reserved for those who need them, not only the elderly but also some adults.","Priority seats are preserved to those who need them, not only elders but also some adults.",False,False,True,True,both_models_error,Neither model exactly matches the gold correction,,,,
205,B.dev.gold.bea19:000511,Malayalam,"Priority seats, are preserved to those who need, not only elders but also some adult need it.",clear_error,"Priority seats are reserved for those who need them, not only elderly people but also some adults need them.","Priority seats are reserved for those who need them, not only the elderly but also some adults.","Priority seats are preserved for those who need them, not only elders but also some adults.",False,False,True,True,both_models_error,Neither model exactly matches the gold correction,,,,
56,B.dev.gold.bea19:000511,Unknown,"Priority seats, are preserved to those who need, not only elders but also some adult need it.",clear_error,"Priority seats are reserved for those who need them, not only elderly people but also some adults need them.","Priority seats are reserved for those who need them, not only the elderly but also some adults.","Priority seats are preserved to those who need them, not only elders but also some adults.",False,False,True,True,both_models_error,Neither model exactly matches the gold correction,,,,
46,B.dev.gold.bea19:000517,Arabic,Television is an important part of modern culture.,correct,Television is an important part of modern culture.,Television is an important part of modern culture.,Television is an important part of modern culture.,True,True,False,False,both_models_match,Both models exactly match the gold correction,,,,
100,B.dev.gold.bea19:000517,German,Television is an important part of modern culture.,correct,Television is an important part of modern culture.,Television is an important part of modern culture.,Television is an important part of modern culture.,True,True,False,False,both_models_match,Both models exactly match the gold correction,,,,
136,B.dev.gold.bea19:000517,Malayalam,Television is an important part of modern culture.,correct,Television is an important part of modern culture.,Television is an important part of modern culture.,Television is an important part of modern culture.,True,True,False,False,both_models_match,Both models exactly match the gold correction,,,,
83,B.dev.gold.bea19:000517,Unknown,Television is an important part of modern culture.,correct,Television is an important part of modern culture.,Television is an important part of modern culture.,Television is an important part of modern culture.,True,True,False,False,both_models_match,Both models exactly match the gold correction,,,,
231,B.dev.gold.bea19:000567,Arabic,"From newspapers, magazines, even foreign medium, we can easily figure out that our environment is changing severely.",clear_error,"From newspapers, magazines, even foreign media, we can easily figure out that our environment is changing severely.","From newspapers, magazines, and even foreign media, we can easily figure out that our environment is changing severely.","From newspapers, magazines, and even foreign media, we can easily see that our environment is changing severely.",False,False,True,True,both_models_error,Neither model exactly matches the gold correction,,,,
191,B.dev.gold.bea19:000567,German,"From newspapers, magazines, even foreign medium, we can easily figure out that our environment is changing severely.",clear_error,"From newspapers, magazines, even foreign media, we can easily figure out that our environment is changing severely.","From newspapers, magazines, and even foreign media, we can easily figure out that our environment is changing severely.","From newspapers, magazines, and even foreign media, we can easily see that our environment is changing severely.",False,False,True,True,both_models_error,Neither model exactly matches the gold correction,,,,
166,B.dev.gold.bea19:000567,Malayalam,"From newspapers, magazines, even foreign medium, we can easily figure out that our environment is changing severely.",clear_error,"From newspapers, magazines, even foreign media, we can easily figure out that our environment is changing severely.","From newspapers, magazines, and even foreign media, we can easily figure out that our environment is changing severely.","From newspapers, magazines, and even foreign-language media, we can easily see that our environment is changing severely.",False,False,True,True,both_models_error,Neither model exactly matches the gold correction,,,,
38,B.dev.gold.bea19:000567,Unknown,"From newspapers, magazines, even foreign medium, we can easily figure out that our environment is changing severely.",clear_error,"From newspapers, magazines, even foreign media, we can easily figure out that our environment is changing severely.","From newspapers, magazines, and even foreign media, we can easily figure out that our environment is changing severely.","From newspapers, magazines, and even foreign media, we can easily see that our environment is changing severely.",False,False,True,True,both_models_error,Neither model exactly matches the gold correction,,,,
213,B.dev.gold.bea19:000578,Arabic,"Everyone lives in despair, but can not find the entrance to brightness.",ambiguous_error,"Everyone will live in despair, but be unable to find the entrance to brightness.",Everyone lives in despair but cannot find the entrance to brightness.,"Everyone lives in despair, but cannot find the entrance to brightness.",False,False,True,True,both_models_error,Neither model exactly matches the gold correction,,,,
150,B.dev.gold.bea19:000578,German,"Everyone lives in despair, but can not find the entrance to brightness.",ambiguous_error,"Everyone will live in despair, but be unable to find the entrance to brightness.",Everyone lives in despair but cannot find the entrance to brightness.,"Everyone lives in despair, but cannot find the entrance to brightness.",False,False,True,True,both_models_error,Neither model exactly matches the gold correction,,,,
74,B.dev.gold.bea19:000578,Malayalam,"Everyone lives in despair, but can not find the entrance to brightness.",ambiguous_error,"Everyone will live in despair, but be unable to find the entrance to brightness.",Everyone lives in despair but cannot find the entrance to brightness.,"Everyone lives in despair, but cannot find the entrance to brightness.",False,False,True,True,both_models_error,Neither model exactly matches the gold correction,,,,
109,B.dev.gold.bea19:000578,Unknown,"Everyone lives in despair, but can not find the entrance to brightness.",ambiguous_error,"Everyone will live in despair, but be unable to find the entrance to brightness.",Everyone lives in despair and cannot find the entrance to brightness.,"Everyone lives in despair, but cannot find the entrance to brightness.",False,False,True,True,both_models_error,Neither model exactly matches the gold correction,,,,
24,B.dev.gold.bea19:000619,Arabic,"Cycling to school, to work or to do any other activity it is not a common habit in Spain.",clear_error,"Cycling to school, to work or to do any other activity is not a common habit in Spain.","Cycling to school, to work, or for any other activity is not a common habit in Spain.","Cycling to school, to work, or to do any other activity is not a common habit in Spain.",False,False,True,True,both_models_error,Neither model exactly matches the gold correction,,,,
51,B.dev.gold.bea19:000619,German,"Cycling to school, to work or to do any other activity it is not a common habit in Spain.",clear_error,"Cycling to school, to work or to do any other activity is not a common habit in Spain.","Cycling to school, to work, or for any other activity is not a common habit in Spain.","Cycling to school, to work, or to do any other activity is not a common habit in Spain.",False,False,True,True,both_models_error,Neither model exactly matches the gold correction,,,,
59,B.dev.gold.bea19:000619,Malayalam,"Cycling to school, to work or to do any other activity it is not a common habit in Spain.",clear_error,"Cycling to school, to work or to do any other activity is not a common habit in Spain.","Cycling to school, to work, or for any other activity is not a common habit in Spain.","Cycling to school, to work, or to do any other activity, it is not a common habit in Spain.",False,False,True,True,both_models_error,Neither model exactly matches the gold correction,,,,
18,B.dev.gold.bea19:000619,Unknown,"Cycling to school, to work or to do any other activity it is not a common habit in Spain.",clear_error,"Cycling to school, to work or to do any other activity is not a common habit in Spain.","Cycling to school, to work, or for any other activity is not a common habit in Spain.","Cycling to school, to work, or to do any other activity is not a common habit in Spain.",False,False,True,True,both_models_error,Neither model exactly matches the gold correction,,,,
235,B.dev.gold.bea19:000636,Arabic,"As we all know, the more public transport passengers use, the less car exhausts are emitted per person.",clear_error,"As we all know, the more passengers use public transport, the less car exhaust is emitted per person.","As we all know, the more public transport passengers use, the less car exhaust is emitted per person.","As we all know, the more public transport passengers use, the less car emissions are emitted per person.",False,False,True,True,both_models_error,Neither model exactly matches the gold correction,,,,
55,B.dev.gold.bea19:000636,German,"As we all know, the more public transport passengers use, the less car exhausts are emitted per person.",clear_error,"As we all know, the more passengers use public transport, the less car exhaust is emitted per person.","As we all know, the more public transport passengers use, the less car exhaust is emitted per person.","As we all know, the more public transport passengers use, the less car exhaust emissions are per person.",False,False,True,True,both_models_error,Neither model exactly matches the gold correction,,,,
32,B.dev.gold.bea19:000636,Malayalam,"As we all know, the more public transport passengers use, the less car exhausts are emitted per person.",clear_error,"As we all know, the more passengers use public transport, the less car exhaust is emitted per person.","As we all know, the more public transport passengers use, the less car exhaust is emitted per person.","As we all know, the more public transport passengers use, the less car emissions are emitted per person.",False,False,True,True,both_models_error,Neither model exactly matches the gold correction,,,,
129,B.dev.gold.bea19:000636,Unknown,"As we all know, the more public transport passengers use, the less car exhausts are emitted per person.",clear_error,"As we all know, the more passengers use public transport, the less car exhaust is emitted per person.","As we all know, the more public transport passengers use, the less car exhaust is emitted per person.","As we all know, the more public transport passengers use, the less car exhaust emissions are per person.",False,False,True,True,both_models_error,Neither model exactly matches the gold correction,,,,
236,B.dev.gold.bea19:000640,Arabic,"As more and more people choose to live in cities, nowadays our cities become larger and more crowded.",clear_error,"As more and more people choose to live in cities, nowadays, our cities are becoming larger and more crowded.","As more and more people choose to live in cities, our cities are becoming larger and more crowded.","Nowadays, as more and more people choose to live in cities, our cities become larger and more crowded.",False,False,True,True,both_models_error,Neither model exactly matches the gold correction,,,,
157,B.dev.gold.bea19:000640,German,"As more and more people choose to live in cities, nowadays our cities become larger and more crowded.",clear_error,"As more and more people choose to live in cities, nowadays, our cities are becoming larger and more crowded.","As more and more people choose to live in cities, our cities are becoming larger and more crowded.","Nowadays, as more and more people choose to live in cities, our cities become larger and more crowded.",False,False,True,True,both_models_error,Neither model exactly matches the gold correction,,,,
149,B.dev.gold.bea19:000640,Malayalam,"As more and more people choose to live in cities, nowadays our cities become larger and more crowded.",clear_error,"As more and more people choose to live in cities, nowadays, our cities are becoming larger and more crowded.","As more and more people choose to live in cities, our cities are becoming larger and more crowded.","As more and more people choose to live in cities, our cities are now becoming larger and more crowded.",False,False,True,True,both_models_error,Neither model exactly matches the gold correction,,,,
206,B.dev.gold.bea19:000640,Unknown,"As more and more people choose to live in cities, nowadays our cities become larger and more crowded.",clear_error,"As more and more people choose to live in cities, nowadays, our cities are becoming larger and more crowded.","As more and more people choose to live in cities, they are becoming larger and more crowded.","As more and more people choose to live in cities, our cities are now becoming larger and more crowded.",False,False,True,True,both_models_error,Neither model exactly matches the gold correction,,,,
151,B.dev.gold.bea19:000645,Arabic,"For a passenger, however, travelling is a complete relax.",clear_error,"For a passenger, however, travelling is completely relaxing.","For a passenger, however, traveling is completely relaxing.","For a passenger, however, travelling is a complete relaxation.",False,False,True,True,both_models_error,Neither model exactly matches the gold correction,,,,
163,B.dev.gold.bea19:000645,German,"For a passenger, however, travelling is a complete relax.",clear_error,"For a passenger, however, travelling is completely relaxing.","For a passenger, however, traveling is completely relaxing.","For a passenger, however, travelling is a complete relaxation.",False,False,True,True,both_models_error,Neither model exactly matches the gold correction,,,,
185,B.dev.gold.bea19:000645,Malayalam,"For a passenger, however, travelling is a complete relax.",clear_error,"For a passenger, however, travelling is completely relaxing.","For a passenger, however, travelling is completely relaxing.","For a passenger, however, travelling is a complete relaxation.",True,False,False,True,gemma_only_error,Only Gemma differs from the gold correction,,,,
30,B.dev.gold.bea19:000645,Unknown,"For a passenger, however, travelling is a complete relax.",clear_error,"For a passenger, however, travelling is completely relaxing.","For a passenger, however, traveling is a complete relaxation.","For a passenger, however, travelling is a complete relaxation.",False,False,True,True,both_models_error,Neither model exactly matches the gold correction,,,,
14,B.dev.gold.bea19:000690,Arabic,What an unfoggetable day!,clear_error,What an unforgettable day!,What an unforgettable day!,What an unforgettable day!,True,True,False,False,both_models_match,Both models exactly match the gold correction,,,,
105,B.dev.gold.bea19:000690,German,What an unfoggetable day!,clear_error,What an unforgettable day!,What an unforgettable day!,What an unforgettably day!,True,False,False,True,gemma_only_error,Only Gemma differs from the gold correction,,,,
75,B.dev.gold.bea19:000690,Malayalam,What an unfoggetable day!,clear_error,What an unforgettable day!,What an unforgettable day!,What an unforgettable day!,True,True,False,False,both_models_match,Both models exactly match the gold correction,,,,
78,B.dev.gold.bea19:000690,Unknown,What an unfoggetable day!,clear_error,What an unforgettable day!,What an unforgettable day!,What an unforgettable day!,True,True,False,False,both_models_match,Both models exactly match the gold correction,,,,
20,B.dev.gold.bea19:000701,Arabic,Swimming is my favourite sport.,correct,Swimming is my favourite sport.,Swimming is my favorite sport.,Swimming is my favorite sport.,False,False,True,True,both_models_error,Neither model exactly matches the gold correction,,,,
96,B.dev.gold.bea19:000701,German,Swimming is my favourite sport.,correct,Swimming is my favourite sport.,Swimming is my favorite sport.,Swimming is my favorite sport.,False,False,True,True,both_models_error,Neither model exactly matches the gold correction,,,,
199,B.dev.gold.bea19:000701,Malayalam,Swimming is my favourite sport.,correct,Swimming is my favourite sport.,Swimming is my favorite sport.,Swimming is my favorite sport.,False,False,True,True,both_models_error,Neither model exactly matches the gold correction,,,,
124,B.dev.gold.bea19:000701,Unknown,Swimming is my favourite sport.,correct,Swimming is my favourite sport.,Swimming is my favorite sport.,Swimming is my favorite sport.,False,False,True,True,both_models_error,Neither model exactly matches the gold correction,,,,
50,B.dev.gold.bea19:000705,Arabic,"Swimming has different types; dolphin, crawl, backstroke and breast stroke.",ambiguous_error,"Swimming has different styles; dolphin, crawl, backstroke and breast stroke.","Swimming has different styles: the dolphin, crawl, backstroke, and breaststroke.","Swimming has different types: dolphin, crawl, backstroke, and breaststroke.",False,False,True,True,both_models_error,Neither model exactly matches the gold correction,,,,
168,B.dev.gold.bea19:000705,German,"Swimming has different types; dolphin, crawl, backstroke and breast stroke.",ambiguous_error,"Swimming has different styles; dolphin, crawl, backstroke and breast stroke.","Swimming has different styles: the dolphin, crawl, backstroke, and breaststroke.","Swimming has different types: dolphin, crawl, backstroke, and breaststroke.",False,False,True,True,both_models_error,Neither model exactly matches the gold correction,,,,
115,B.dev.gold.bea19:000705,Malayalam,"Swimming has different types; dolphin, crawl, backstroke and breast stroke.",ambiguous_error,"Swimming has different styles; dolphin, crawl, backstroke and breast stroke.","Swimming has different styles: freestyle, backstroke, breaststroke, and butterfly.","Swimming has different types: dolphin, crawl, backstroke, and breaststroke.",False,False,True,True,both_models_error,Neither model exactly matches the gold correction,,,,
214,B.dev.gold.bea19:000705,Unknown,"Swimming has different types; dolphin, crawl, backstroke and breast stroke.",ambiguous_error,"Swimming has different styles; dolphin, crawl, backstroke and breast stroke.","Swimming has different styles: the dolphin, crawl, backstroke, and breaststroke.","Swimming has different types: dolphin, crawl, backstroke, and breaststroke.",False,False,True,True,both_models_error,Neither model exactly matches the gold correction,,,,
145,B.dev.gold.bea19:000709,Arabic,I enjoyed helping at the concert which was in Antaya on October.,clear_error,I enjoyed helping at the concert in Antaya in October.,"I enjoyed helping at the concert, which was in Antalya on October.",I enjoyed helping at the concert which was in Antalya on October.,False,False,True,True,both_models_error,Neither model exactly matches the gold correction,,,,
35,B.dev.gold.bea19:000709,German,I enjoyed helping at the concert which was in Antaya on October.,clear_error,I enjoyed helping at the concert in Antaya in October.,"I enjoyed helping at the concert, which was in Antalya on October.",I enjoyed helping at the concert which was in Antalya on October.,False,False,True,True,both_models_error,Neither model exactly matches the gold correction,,,,
77,B.dev.gold.bea19:000709,Malayalam,I enjoyed helping at the concert which was in Antaya on October.,clear_error,I enjoyed helping at the concert in Antaya in October.,I enjoyed helping at the concert that was in Antalya on October.,I enjoyed helping at the concert which was in Antaya in October.,False,False,True,True,both_models_error,Neither model exactly matches the gold correction,,,,
57,B.dev.gold.bea19:000709,Unknown,I enjoyed helping at the concert which was in Antaya on October.,clear_error,I enjoyed helping at the concert in Antaya in October.,"I enjoyed helping at the concert, which was in Antalya on October.",I enjoyed helping at the concert which was in Antalya on October.,False,False,True,True,both_models_error,Neither model exactly matches the gold correction,,,,
31,B.dev.gold.bea19:000712,Arabic,In the concert time all people can enjoy but nobody think about how they are preparing to concert.,ambiguous_error,"During a concert everybody can enjoy themselves, but nobody thinks about how they prepare for a concert.","At the concert, everyone can enjoy it, but no one thinks about how they are preparing for it.","In the concert, everyone can enjoy, but nobody thinks about how they are preparing.",False,False,True,True,both_models_error,Neither model exactly matches the gold correction,,,,
178,B.dev.gold.bea19:000712,German,In the concert time all people can enjoy but nobody think about how they are preparing to concert.,ambiguous_error,"During a concert everybody can enjoy themselves, but nobody thinks about how they prepare for a concert.","At the concert, everyone can enjoy it, but no one thinks about how they are preparing for it.","In the concert, everyone can enjoy, but nobody thinks about how they are preparing.",False,False,True,True,both_models_error,Neither model exactly matches the gold correction,,,,
87,B.dev.gold.bea19:000712,Malayalam,In the concert time all people can enjoy but nobody think about how they are preparing to concert.,ambiguous_error,"During a concert everybody can enjoy themselves, but nobody thinks about how they prepare for a concert.","At the concert, everyone can enjoy it, but no one thinks about how they are preparing for it.","In the concert, all people can enjoy, but nobody thinks about how they are preparing for it.",False,False,True,True,both_models_error,Neither model exactly matches the gold correction,,,,
240,B.dev.gold.bea19:000712,Unknown,In the concert time all people can enjoy but nobody think about how they are preparing to concert.,ambiguous_error,"During a concert everybody can enjoy themselves, but nobody thinks about how they prepare for a concert.","At the concert, everyone can enjoy it, but no one thinks about how they are preparing for it.","In the concert, everyone can enjoy, but nobody thinks about how they are preparing.",False,False,True,True,both_models_error,Neither model exactly matches the gold correction,,,,
195,B.dev.gold.bea19:000733,Arabic,"Regarding advertisement, technology is having a huge, and not always possitive impact on outdoor advertisement.",clear_error,"Regarding advertising, technology is having a huge and not always positive impact on outdoor advertising.","Regarding advertisements, technology has had a huge, and not always positive, impact on outdoor advertising.","Regarding advertising, technology is having a huge and not always positive impact on outdoor advertising.",False,True,True,False,qwen_only_error,Only Qwen differs from the gold correction,,,,
27,B.dev.gold.bea19:000733,German,"Regarding advertisement, technology is having a huge, and not always possitive impact on outdoor advertisement.",clear_error,"Regarding advertising, technology is having a huge and not always positive impact on outdoor advertising.","Regarding advertisements, technology is having a huge, and not always positive, impact on outdoor advertising.","Regarding advertising, technology is having a huge and not always positive impact on outdoor advertising.",False,True,True,False,qwen_only_error,Only Qwen differs from the gold correction,,,,
4,B.dev.gold.bea19:000733,Malayalam,"Regarding advertisement, technology is having a huge, and not always possitive impact on outdoor advertisement.",clear_error,"Regarding advertising, technology is having a huge and not always positive impact on outdoor advertising.","Regarding advertisements, technology has had a huge, and not always positive, impact on outdoor advertising.","Regarding advertising, technology is having a huge and not always positive impact on outdoor advertisements.",False,False,True,True,both_models_error,Neither model exactly matches the gold correction,,,,
200,B.dev.gold.bea19:000733,Unknown,"Regarding advertisement, technology is having a huge, and not always possitive impact on outdoor advertisement.",clear_error,"Regarding advertising, technology is having a huge and not always positive impact on outdoor advertising.","Regarding advertisements, technology is having a huge, and not always positive, impact on outdoor advertising.","Regarding advertising, technology is having a huge and not always positive impact on outdoor advertisements.",False,False,True,True,both_models_error,Neither model exactly matches the gold correction,,,,
99,B.dev.gold.bea19:000741,Arabic,"But, technology is hre for best or worst, and we have to learn to deal with it the best we can.",clear_error,"But, technology is here for better or worse, and we have to learn to deal with it the best we can.","But technology is here for better or worse, and we have to learn to deal with it as well as we can.","But technology is here for best or worst, and we have to learn to deal with it as best we can.",False,False,True,True,both_models_error,Neither model exactly matches the gold correction,,,,
8,B.dev.gold.bea19:000741,German,"But, technology is hre for best or worst, and we have to learn to deal with it the best we can.",clear_error,"But, technology is here for better or worse, and we have to learn to deal with it the best we can.","But technology is here for better or worse, and we have to learn to deal with it as well as we can.","But technology is here for best or worst, and we have to learn to deal with it as best we can.",False,False,True,True,both_models_error,Neither model exactly matches the gold correction,,,,
108,B.dev.gold.bea19:000741,Malayalam,"But, technology is hre for best or worst, and we have to learn to deal with it the best we can.",clear_error,"But, technology is here for better or worse, and we have to learn to deal with it the best we can.","But technology is here for better or worse, and we have to learn to deal with it as well as we can.","But technology is here for best or worst, and we have to learn to deal with it as best we can.",False,False,True,True,both_models_error,Neither model exactly matches the gold correction,,,,
125,B.dev.gold.bea19:000741,Unknown,"But, technology is hre for best or worst, and we have to learn to deal with it the best we can.",clear_error,"But, technology is here for better or worse, and we have to learn to deal with it the best we can.","But technology is here for better or worse, and we have to learn to deal with it as well as we can.","But technology is here for best or worst, and we have to learn to deal with it as best we can.",False,False,True,True,both_models_error,Neither model exactly matches the gold correction,,,,
76,B.dev.gold.bea19:000745,Arabic,"If I had this house, I would decorat it in modern stayl.",clear_error,"If I had this house, I would decorate it in a modern style.","If I had this house, I would decorate it in a modern style.","If I had this house, I would decorate it in a modern style.",True,True,False,False,both_models_match,Both models exactly match the gold correction,,,,
132,B.dev.gold.bea19:000745,German,"If I had this house, I would decorat it in modern stayl.",clear_error,"If I had this house, I would decorate it in a modern style.","If I had this house, I would decorate it in a modern style.","If I had this house, I would decorate it in a modern style.",True,True,False,False,both_models_match,Both models exactly match the gold correction,,,,
86,B.dev.gold.bea19:000745,Malayalam,"If I had this house, I would decorat it in modern stayl.",clear_error,"If I had this house, I would decorate it in a modern style.","If I had this house, I would decorate it in a modern style.","If I had this house, I would decorate it in a modern style.",True,True,False,False,both_models_match,Both models exactly match the gold correction,,,,
198,B.dev.gold.bea19:000745,Unknown,"If I had this house, I would decorat it in modern stayl.",clear_error,"If I had this house, I would decorate it in a modern style.","If I had this house, I would decorate it in a modern style.","If I had this house, I would decorate it in modern style.",True,False,False,True,gemma_only_error,Only Gemma differs from the gold correction,,,,
23,B.dev.gold.bea19:000821,Arabic,"Firstly, we can discuss type of food we want to eat.",clear_error,"Firstly, we can discuss the type of food we want to eat.","Firstly, we can discuss the types of food we want to eat.","Firstly, we can discuss the type of food we want to eat.",False,True,True,False,qwen_only_error,Only Qwen differs from the gold correction,,,,
80,B.dev.gold.bea19:000821,German,"Firstly, we can discuss type of food we want to eat.",clear_error,"Firstly, we can discuss the type of food we want to eat.","Firstly, we can discuss the type of food we want to eat.","Firstly, we can discuss the type of food we want to eat.",True,True,False,False,both_models_match,Both models exactly match the gold correction,,,,
118,B.dev.gold.bea19:000821,Malayalam,"Firstly, we can discuss type of food we want to eat.",clear_error,"Firstly, we can discuss the type of food we want to eat.","Firstly, we can discuss the types of food we want to eat.","Firstly, we can discuss the type of food we want to eat.",False,True,True,False,qwen_only_error,Only Qwen differs from the gold correction,,,,
187,B.dev.gold.bea19:000821,Unknown,"Firstly, we can discuss type of food we want to eat.",clear_error,"Firstly, we can discuss the type of food we want to eat.","Firstly, we can discuss the type of food we want to eat.","Firstly, we can discuss the type of food we want to eat.",True,True,False,False,both_models_match,Both models exactly match the gold correction,,,,
95,B.dev.gold.bea19:000856,Arabic,"Furthermore, books develops imagination of reader.",clear_error,"Furthermore, books develop the imagination of the reader.","Furthermore, books develop the reader's imagination.","Furthermore, books develop the imagination of readers.",False,False,True,True,both_models_error,Neither model exactly matches the gold correction,,,,
101,B.dev.gold.bea19:000856,German,"Furthermore, books develops imagination of reader.",clear_error,"Furthermore, books develop the imagination of the reader.","Furthermore, books develop the reader's imagination.","Furthermore, books develop the imagination of readers.",False,False,True,True,both_models_error,Neither model exactly matches the gold correction,,,,
5,B.dev.gold.bea19:000856,Malayalam,"Furthermore, books develops imagination of reader.",clear_error,"Furthermore, books develop the imagination of the reader.","Furthermore, books develop the reader's imagination.","Furthermore, books develop the imagination of readers.",False,False,True,True,both_models_error,Neither model exactly matches the gold correction,,,,
210,B.dev.gold.bea19:000856,Unknown,"Furthermore, books develops imagination of reader.",clear_error,"Furthermore, books develop the imagination of the reader.","Furthermore, books develop the reader's imagination.","Furthermore, books develop the imagination of readers.",False,False,True,True,both_models_error,Neither model exactly matches the gold correction,,,,
202,B.dev.gold.bea19:000877,Arabic,So she took a deep breath and put her doll in the attic just like her childhood memories.,ambiguous_error,"So she took a deep breath and put her doll in the attic, just like her childhood memories.","So she took a deep breath and put her doll in the attic, just as in her childhood memories.","So she took a deep breath and put her doll in the attic, just like her childhood memories.",False,True,True,False,qwen_only_error,Only Qwen differs from the gold correction,,,,
22,B.dev.gold.bea19:000877,German,So she took a deep breath and put her doll in the attic just like her childhood memories.,ambiguous_error,"So she took a deep breath and put her doll in the attic, just like her childhood memories.","So she took a deep breath and put her doll in the attic, just as in her childhood memories.","So she took a deep breath and put her doll in the attic, just like her childhood memories.",False,True,True,False,qwen_only_error,Only Qwen differs from the gold correction,,,,
152,B.dev.gold.bea19:000877,Malayalam,So she took a deep breath and put her doll in the attic just like her childhood memories.,ambiguous_error,"So she took a deep breath and put her doll in the attic, just like her childhood memories.","So she took a deep breath and put her doll in the attic, just like her childhood memories.","She took a deep breath and put her doll in the attic, just like her childhood memories.",True,False,False,True,gemma_only_error,Only Gemma differs from the gold correction,,,,
212,B.dev.gold.bea19:000877,Unknown,So she took a deep breath and put her doll in the attic just like her childhood memories.,ambiguous_error,"So she took a deep breath and put her doll in the attic, just like her childhood memories.","So she took a deep breath and put her doll in the attic, just like her childhood memories.","So she took a deep breath and put her doll in the attic, just like her childhood memories.",True,True,False,False,both_models_match,Both models exactly match the gold correction,,,,
164,B.dev.gold.bea19:000948,Arabic,Famous people are obligated to provide their life in exemplary way.,ambiguous_error,Famous people are obligated to live their lives in an exemplary way.,Famous people are obligated to live an exemplary life.,Famous people are obligated to live exemplary lives.,False,False,True,True,both_models_error,Neither model exactly matches the gold correction,,,,
85,B.dev.gold.bea19:000948,German,Famous people are obligated to provide their life in exemplary way.,ambiguous_error,Famous people are obligated to live their lives in an exemplary way.,Famous people are expected to live exemplary lives.,Famous people are obligated to live exemplary lives.,False,False,True,True,both_models_error,Neither model exactly matches the gold correction,,,,
6,B.dev.gold.bea19:000948,Malayalam,Famous people are obligated to provide their life in exemplary way.,ambiguous_error,Famous people are obligated to live their lives in an exemplary way.,Famous people are expected to live an exemplary life.,Famous people are obligated to live an exemplary way.,False,False,True,True,both_models_error,Neither model exactly matches the gold correction,,,,
107,B.dev.gold.bea19:000948,Unknown,Famous people are obligated to provide their life in exemplary way.,ambiguous_error,Famous people are obligated to live their lives in an exemplary way.,Famous people are obligated to live an exemplary life.,Famous people are obligated to live exemplary lives.,False,False,True,True,both_models_error,Neither model exactly matches the gold correction,,,,
121,B.dev.gold.bea19:000949,Arabic,"However, they still being ordinary people, they make mistakes.",clear_error,"However, they are still ordinary people, and they make mistakes.","However, they are still just ordinary people who make mistakes.","However, they still are ordinary people who make mistakes.",False,False,True,True,both_models_error,Neither model exactly matches the gold correction,,,,
10,B.dev.gold.bea19:000949,German,"However, they still being ordinary people, they make mistakes.",clear_error,"However, they are still ordinary people, and they make mistakes.","However, they are still just ordinary people who make mistakes.","However, they still are ordinary people, they make mistakes.",False,False,True,True,both_models_error,Neither model exactly matches the gold correction,,,,
1,B.dev.gold.bea19:000949,Malayalam,"However, they still being ordinary people, they make mistakes.",clear_error,"However, they are still ordinary people, and they make mistakes.","However, they are still just ordinary people who make mistakes.","However, they still are ordinary people who make mistakes.",False,False,True,True,both_models_error,Neither model exactly matches the gold correction,,,,
72,B.dev.gold.bea19:000949,Unknown,"However, they still being ordinary people, they make mistakes.",clear_error,"However, they are still ordinary people, and they make mistakes.","However, they are still ordinary people who make mistakes.","However, they still are ordinary people who make mistakes.",False,False,True,True,both_models_error,Neither model exactly matches the gold correction,,,,
113,B.dev.gold.bea19:000967,Arabic,We are living in a ever changing world.,clear_error,We are living in an ever changing world.,We live in an ever-changing world.,We are living in a changing world.,False,False,True,True,both_models_error,Neither model exactly matches the gold correction,,,,
225,B.dev.gold.bea19:000967,German,We are living in a ever changing world.,clear_error,We are living in an ever changing world.,We live in an ever-changing world.,We are living in a changing world.,False,False,True,True,both_models_error,Neither model exactly matches the gold correction,,,,
40,B.dev.gold.bea19:000967,Malayalam,We are living in a ever changing world.,clear_error,We are living in an ever changing world.,We live in an ever-changing world.,We are living in a changing world.,False,False,True,True,both_models_error,Neither model exactly matches the gold correction,,,,
93,B.dev.gold.bea19:000967,Unknown,We are living in a ever changing world.,clear_error,We are living in an ever changing world.,We live in an ever-changing world.,We are living in a changing world.,False,False,True,True,both_models_error,Neither model exactly matches the gold correction,,,,
41,B.dev.gold.bea19:000990,Arabic,I've worked as social trainer and as educators since I was 16.,clear_error,I've worked as a social trainer and as an educator since I was 16.,I've worked as a social trainer and an educator since I was 16.,I've worked as a social trainer and educator since I was 16.,False,False,True,True,both_models_error,Neither model exactly matches the gold correction,,,,
154,B.dev.gold.bea19:000990,German,I've worked as social trainer and as educators since I was 16.,clear_error,I've worked as a social trainer and as an educator since I was 16.,I've worked as a social trainer and as an educator since I was 16.,I've worked as a social trainer and educator since I was 16.,True,False,False,True,gemma_only_error,Only Gemma differs from the gold correction,,,,
184,B.dev.gold.bea19:000990,Malayalam,I've worked as social trainer and as educators since I was 16.,clear_error,I've worked as a social trainer and as an educator since I was 16.,I've worked as a social worker and an educator since I was 16.,I've worked as a social trainer and educator since I was 16.,False,False,True,True,both_models_error,Neither model exactly matches the gold correction,,,,
228,B.dev.gold.bea19:000990,Unknown,I've worked as social trainer and as educators since I was 16.,clear_error,I've worked as a social trainer and as an educator since I was 16.,I've worked as a social trainer and as an educator since I was 16.,I have worked as a social trainer and educator since I was 16.,True,False,False,True,gemma_only_error,Only Gemma differs from the gold correction,,,,
177,B.dev.gold.bea19:000993,Arabic,I had a very great memories of these experiences and I would really like to live them again.,clear_error,I have really great memories of these experiences and I would really like to relive them.,I had very great memories of these experiences and I would really like to live them again.,I have very good memories of these experiences and I would really like to live them again.,False,False,True,True,both_models_error,Neither model exactly matches the gold correction,,,,
140,B.dev.gold.bea19:000993,German,I had a very great memories of these experiences and I would really like to live them again.,clear_error,I have really great memories of these experiences and I would really like to relive them.,I had very great memories of these experiences and I would really like to live them again.,I have very good memories of these experiences and I would really like to relive them.,False,False,True,True,both_models_error,Neither model exactly matches the gold correction,,,,
60,B.dev.gold.bea19:000993,Malayalam,I had a very great memories of these experiences and I would really like to live them again.,clear_error,I have really great memories of these experiences and I would really like to relive them.,I had very great memories of these experiences and I would really like to relive them again.,I have very good memories of these experiences and I would really like to relive them.,False,False,True,True,both_models_error,Neither model exactly matches the gold correction,,,,
92,B.dev.gold.bea19:000993,Unknown,I had a very great memories of these experiences and I would really like to live them again.,clear_error,I have really great memories of these experiences and I would really like to relive them.,I had very great memories of these experiences and I would really like to live them again.,I have very good memories of these experiences and I would really like to relive them.,False,False,True,True,both_models_error,Neither model exactly matches the gold correction,,,,
141,B.dev.gold.bea19:001001,Arabic,However there are brilliant games for children.,clear_error,"However, there are brilliant games for children.","However, there are brilliant games for children.","However, there are brilliant games for children.",True,True,False,False,both_models_match,Both models exactly match the gold correction,,,,
37,B.dev.gold.bea19:001001,German,However there are brilliant games for children.,clear_error,"However, there are brilliant games for children.","However, there are brilliant games for children.","However, there are brilliant games for children.",True,True,False,False,both_models_match,Both models exactly match the gold correction,,,,
134,B.dev.gold.bea19:001001,Malayalam,However there are brilliant games for children.,clear_error,"However, there are brilliant games for children.","However, there are brilliant games for children.","However, there are brilliant games for children.",True,True,False,False,both_models_match,Both models exactly match the gold correction,,,,
47,B.dev.gold.bea19:001001,Unknown,However there are brilliant games for children.,clear_error,"However, there are brilliant games for children.","However, there are brilliant games for children.","However, there are brilliant games for children.",True,True,False,False,both_models_match,Both models exactly match the gold correction,,,,
215,B.dev.gold.bea19:001007,Arabic,Nothing is impossible in life but not doubt it is not easy to find sincere friends.,clear_error,"Nothing is impossible in life, but it is not easy to find sincere friends.","Nothing is impossible in life, but it is not easy to find sincere friends.","Nothing is impossible in life, but don't doubt it is not easy to find sincere friends.",True,False,False,True,gemma_only_error,Only Gemma differs from the gold correction,,,,
102,B.dev.gold.bea19:001007,German,Nothing is impossible in life but not doubt it is not easy to find sincere friends.,clear_error,"Nothing is impossible in life, but it is not easy to find sincere friends.","Nothing is impossible in life, but it is not easy to find sincere friends.","Nothing is impossible in life, but don't doubt it is not easy to find sincere friends.",True,False,False,True,gemma_only_error,Only Gemma differs from the gold correction,,,,
174,B.dev.gold.bea19:001007,Malayalam,Nothing is impossible in life but not doubt it is not easy to find sincere friends.,clear_error,"Nothing is impossible in life, but it is not easy to find sincere friends.","Nothing is impossible in life, but it is not easy to find sincere friends.","Nothing is impossible in life, but don't doubt it is not easy to find sincere friends.",True,False,False,True,gemma_only_error,Only Gemma differs from the gold correction,,,,
122,B.dev.gold.bea19:001007,Unknown,Nothing is impossible in life but not doubt it is not easy to find sincere friends.,clear_error,"Nothing is impossible in life, but it is not easy to find sincere friends.","Nothing is impossible in life, but it is not easy to find sincere friends.","Nothing is impossible in life, but don't doubt it is not easy to find sincere friends.",True,False,False,True,gemma_only_error,Only Gemma differs from the gold correction,,,,
160,B.dev.gold.bea19:001010,Arabic,The more people you will meet the more easy it will become for you to find a friend.,clear_error,"The more people you meet, the easier it will become for you to find a friend.","The more people you meet, the easier it will become for you to find a friend.","The more people you meet, the more easy it will become to find a friend.",True,False,False,True,gemma_only_error,Only Gemma differs from the gold correction,,,,
176,B.dev.gold.bea19:001010,German,The more people you will meet the more easy it will become for you to find a friend.,clear_error,"The more people you meet, the easier it will become for you to find a friend.","The more people you meet, the easier it will become for you to find a friend.","The more people you meet, the more easy it will become to find a friend.",True,False,False,True,gemma_only_error,Only Gemma differs from the gold correction,,,,
162,B.dev.gold.bea19:001010,Malayalam,The more people you will meet the more easy it will become for you to find a friend.,clear_error,"The more people you meet, the easier it will become for you to find a friend.","The more people you meet, the easier it will become for you to find a friend.","The more people you meet, the easier it will become to find a friend.",True,False,False,True,gemma_only_error,Only Gemma differs from the gold correction,,,,
127,B.dev.gold.bea19:001010,Unknown,The more people you will meet the more easy it will become for you to find a friend.,clear_error,"The more people you meet, the easier it will become for you to find a friend.","The more people you meet, the easier it will become for you to find a friend.","The more people you meet, the more easy it will become to find a friend.",True,False,False,True,gemma_only_error,Only Gemma differs from the gold correction,,,,
194,B.dev.gold.bea19:001013,Arabic,The Guardian is a British daily newspaper which includes national and international news.,correct,The Guardian is a British daily newspaper which includes national and international news.,The Guardian is a British daily newspaper that covers national and international news.,The Guardian is a British daily newspaper that includes national and international news.,False,False,True,True,both_models_error,Neither model exactly matches the gold correction,,,,
28,B.dev.gold.bea19:001013,German,The Guardian is a British daily newspaper which includes national and international news.,correct,The Guardian is a British daily newspaper which includes national and international news.,The Guardian is a British daily newspaper that covers national and international news.,The Guardian is a British daily newspaper that includes national and international news.,False,False,True,True,both_models_error,Neither model exactly matches the gold correction,,,,
103,B.dev.gold.bea19:001013,Malayalam,The Guardian is a British daily newspaper which includes national and international news.,correct,The Guardian is a British daily newspaper which includes national and international news.,The Guardian is a British daily newspaper that covers national and international news.,The Guardian is a British daily newspaper that includes national and international news.,False,False,True,True,both_models_error,Neither model exactly matches the gold correction,,,,
9,B.dev.gold.bea19:001013,Unknown,The Guardian is a British daily newspaper which includes national and international news.,correct,The Guardian is a British daily newspaper which includes national and international news.,The Guardian is a British daily newspaper that covers national and international news.,The Guardian is a British daily newspaper that includes national and international news.,False,False,True,True,both_models_error,Neither model exactly matches the gold correction,,,,
218,B.dev.gold.bea19:001036,Arabic,"In conclusion, I want to say that that we should keep abreast of new technologies and try to make our lives easier",clear_error,"In conclusion, I want to say that we should keep abreast of new technologies and try to make our lives easier.","In conclusion, I would like to say that we should keep up with new technologies and try to make our lives easier.","In conclusion, I want to say that we should keep abreast of new technologies and try to make our lives easier.",False,True,True,False,qwen_only_error,Only Qwen differs from the gold correction,,,,
66,B.dev.gold.bea19:001036,German,"In conclusion, I want to say that that we should keep abreast of new technologies and try to make our lives easier",clear_error,"In conclusion, I want to say that we should keep abreast of new technologies and try to make our lives easier.","In conclusion, I would like to say that we should keep up with new technologies and try to make our lives easier.","In conclusion, I want to say that we should keep abreast of new technologies and try to make our lives easier.",False,True,True,False,qwen_only_error,Only Qwen differs from the gold correction,,,,
110,B.dev.gold.bea19:001036,Malayalam,"In conclusion, I want to say that that we should keep abreast of new technologies and try to make our lives easier",clear_error,"In conclusion, I want to say that we should keep abreast of new technologies and try to make our lives easier.","In conclusion, I would like to say that we should keep abreast of new technologies and try to make our lives easier.","In conclusion, I want to say that we should keep abreast of new technologies and try to make our lives easier.",False,True,True,False,qwen_only_error,Only Qwen differs from the gold correction,,,,
21,B.dev.gold.bea19:001036,Unknown,"In conclusion, I want to say that that we should keep abreast of new technologies and try to make our lives easier",clear_error,"In conclusion, I want to say that we should keep abreast of new technologies and try to make our lives easier.","In conclusion, I want to say that we should keep abreast of new technologies and try to make our lives easier.","In conclusion, I want to say that we should keep abreast of new technologies and try to make our lives easier.",True,True,False,False,both_models_match,Both models exactly match the gold correction,,,,
238,B.dev.gold.bea19:001038,Arabic,"This day was full of joy and happiness, but something went wrong after when she told him that she is pregnant.",clear_error,"This day was full of joy and happiness, but something went wrong when she told him that she was pregnant.","This day was full of joy and happiness, but something went wrong after she told him that she was pregnant.","This day was full of joy and happiness, but something went wrong after she told him that she was pregnant.",False,False,True,True,both_models_error,Neither model exactly matches the gold correction,,,,
49,B.dev.gold.bea19:001038,German,"This day was full of joy and happiness, but something went wrong after when she told him that she is pregnant.",clear_error,"This day was full of joy and happiness, but something went wrong when she told him that she was pregnant.","This day was full of joy and happiness, but something went wrong after she told him that she was pregnant.","This day was full of joy and happiness, but something went wrong after she told him that she was pregnant.",False,False,True,True,both_models_error,Neither model exactly matches the gold correction,,,,
53,B.dev.gold.bea19:001038,Malayalam,"This day was full of joy and happiness, but something went wrong after when she told him that she is pregnant.",clear_error,"This day was full of joy and happiness, but something went wrong when she told him that she was pregnant.","This day was full of joy and happiness, but something went wrong after she told him that she was pregnant.","This day was full of joy and happiness, but something went wrong after she told him that she was pregnant.",False,False,True,True,both_models_error,Neither model exactly matches the gold correction,,,,
223,B.dev.gold.bea19:001038,Unknown,"This day was full of joy and happiness, but something went wrong after when she told him that she is pregnant.",clear_error,"This day was full of joy and happiness, but something went wrong when she told him that she was pregnant.","This day was full of joy and happiness, but something went wrong after she told him that she was pregnant.","This day was full of joy and happiness, but something went wrong after she told him that she was pregnant.",False,False,True,True,both_models_error,Neither model exactly matches the gold correction,,,,
131,B.dev.gold.bea19:001057,Arabic,"They both knew that they love each other and they care about each other, but it was too much for him.",ambiguous_error,"They both knew that they loved each other and they cared about each other, but it was too much for him.","They both knew that they loved each other and cared about each other, but it was too much for him.","They both knew that they loved each other and cared about each other, but it was too much for him.",False,False,True,True,both_models_error,Neither model exactly matches the gold correction,,,,
133,B.dev.gold.bea19:001057,German,"They both knew that they love each other and they care about each other, but it was too much for him.",ambiguous_error,"They both knew that they loved each other and they cared about each other, but it was too much for him.","They both knew that they loved each other and cared about each other, but it was too much for him.","They both knew that they loved each other and cared about each other, but it was too much for him.",False,False,True,True,both_models_error,Neither model exactly matches the gold correction,,,,
172,B.dev.gold.bea19:001057,Malayalam,"They both knew that they love each other and they care about each other, but it was too much for him.",ambiguous_error,"They both knew that they loved each other and they cared about each other, but it was too much for him.","They both knew that they loved each other and cared about each other, but it was too much for him.","They both knew that they loved each other and cared about each other, but it was too much for him.",False,False,True,True,both_models_error,Neither model exactly matches the gold correction,,,,
88,B.dev.gold.bea19:001057,Unknown,"They both knew that they love each other and they care about each other, but it was too much for him.",ambiguous_error,"They both knew that they loved each other and they cared about each other, but it was too much for him.","They both knew that they loved each other and cared about each other, but it was too much for him.","They both knew that they loved each other and cared about each other, but it was too much for him.",False,False,True,True,both_models_error,Neither model exactly matches the gold correction,,,,
204,B.dev.gold.bea19:001107,Arabic,"Is there any future to public transport, for travelling by car is much more convenient?",ambiguous_error,Is there no future for public transport because travelling by car is much more convenient?,"Is there a future for public transport, since traveling by car is much more convenient?","Is there any future for public transport, considering that travelling by car is much more convenient?",False,False,True,True,both_models_error,Neither model exactly matches the gold correction,,,,
62,B.dev.gold.bea19:001107,German,"Is there any future to public transport, for travelling by car is much more convenient?",ambiguous_error,Is there no future for public transport because travelling by car is much more convenient?,"Is there a future for public transport, since travelling by car is much more convenient?","Is there any future for public transport, considering travelling by car is much more convenient?",False,False,True,True,both_models_error,Neither model exactly matches the gold correction,,,,
12,B.dev.gold.bea19:001107,Malayalam,"Is there any future to public transport, for travelling by car is much more convenient?",ambiguous_error,Is there no future for public transport because travelling by car is much more convenient?,"Is there a future for public transport, since traveling by car is much more convenient?","Is there any future for public transport, or is travelling by car much more convenient?",False,False,True,True,both_models_error,Neither model exactly matches the gold correction,,,,
196,B.dev.gold.bea19:001107,Unknown,"Is there any future to public transport, for travelling by car is much more convenient?",ambiguous_error,Is there no future for public transport because travelling by car is much more convenient?,"Is there a future for public transport, given that traveling by car is much more convenient?","Is there any future for public transport, considering that travelling by car is much more convenient?",False,False,True,True,both_models_error,Neither model exactly matches the gold correction,,,,
227,B.dev.gold.bea19:001148,Arabic,My curiosity had put me into a big trouble.,clear_error,My curiosity got me into big trouble.,My curiosity got me into big trouble.,My curiosity has put me into big trouble.,True,False,False,True,gemma_only_error,Only Gemma differs from the gold correction,,,,
181,B.dev.gold.bea19:001148,German,My curiosity had put me into a big trouble.,clear_error,My curiosity got me into big trouble.,My curiosity got me into big trouble.,My curiosity has put me into big trouble.,True,False,False,True,gemma_only_error,Only Gemma differs from the gold correction,,,,
17,B.dev.gold.bea19:001148,Malayalam,My curiosity had put me into a big trouble.,clear_error,My curiosity got me into big trouble.,My curiosity got me into big trouble.,My curiosity has put me into a lot of trouble.,True,False,False,True,gemma_only_error,Only Gemma differs from the gold correction,,,,
222,B.dev.gold.bea19:001148,Unknown,My curiosity had put me into a big trouble.,clear_error,My curiosity got me into big trouble.,My curiosity got me into big trouble.,My curiosity has put me into big trouble.,True,False,False,True,gemma_only_error,Only Gemma differs from the gold correction,,,,
207,B.dev.gold.bea19:001165,Arabic,"That is a good quality of mine, I learn thing very fast and I also can get used to new thing.",clear_error,That is a good quality of mine; I learn things very fast and I can also get used to new things.,That is a good quality of mine; I learn things very fast and I can also get used to new things.,"That is a good quality of mine; I learn things very fast, and I also can get used to new things.",True,False,False,True,gemma_only_error,Only Gemma differs from the gold correction,,,,
70,B.dev.gold.bea19:001165,German,"That is a good quality of mine, I learn thing very fast and I also can get used to new thing.",clear_error,That is a good quality of mine; I learn things very fast and I can also get used to new things.,That is a good quality of mine; I learn things very fast and I can also get used to new things.,"That is a good quality of mine; I learn things very fast, and I also can get used to new things.",True,False,False,True,gemma_only_error,Only Gemma differs from the gold correction,,,,
25,B.dev.gold.bea19:001165,Malayalam,"That is a good quality of mine, I learn thing very fast and I also can get used to new thing.",clear_error,That is a good quality of mine; I learn things very fast and I can also get used to new things.,That is a good quality of mine; I learn things very fast and I can also get used to new things.,"That is a good quality of mine; I learn things very fast, and I also can get used to new things.",True,False,False,True,gemma_only_error,Only Gemma differs from the gold correction,,,,
226,B.dev.gold.bea19:001165,Unknown,"That is a good quality of mine, I learn thing very fast and I also can get used to new thing.",clear_error,That is a good quality of mine; I learn things very fast and I can also get used to new things.,That is a good quality of mine; I learn things very fast and I can also get used to new things.,"That is a good quality of mine; I learn things very fast, and I also can get used to new things.",True,False,False,True,gemma_only_error,Only Gemma differs from the gold correction,,,,
156,B.dev.gold.bea19:001173,Arabic,We found a pharmacy and a restroom where we could get a rest and take a shower to clean ourselves.,clear_error,We found a pharmacy and a restroom where we could have a rest and take a shower to clean ourselves.,We found a pharmacy and a restroom where we could rest and take a shower to clean ourselves.,We found a pharmacy and a restroom where we could rest and take a shower to clean ourselves.,False,False,True,True,both_models_error,Neither model exactly matches the gold correction,,,,
139,B.dev.gold.bea19:001173,German,We found a pharmacy and a restroom where we could get a rest and take a shower to clean ourselves.,clear_error,We found a pharmacy and a restroom where we could have a rest and take a shower to clean ourselves.,We found a pharmacy and a restroom where we could rest and take a shower to clean ourselves.,We found a pharmacy and a restroom where we could rest and take a shower to clean ourselves.,False,False,True,True,both_models_error,Neither model exactly matches the gold correction,,,,
173,B.dev.gold.bea19:001173,Malayalam,We found a pharmacy and a restroom where we could get a rest and take a shower to clean ourselves.,clear_error,We found a pharmacy and a restroom where we could have a rest and take a shower to clean ourselves.,We found a pharmacy and a restroom where we could rest and take a shower to clean ourselves.,We found a pharmacy and a restroom where we could rest and take a shower to clean ourselves.,False,False,True,True,both_models_error,Neither model exactly matches the gold correction,,,,
111,B.dev.gold.bea19:001173,Unknown,We found a pharmacy and a restroom where we could get a rest and take a shower to clean ourselves.,clear_error,We found a pharmacy and a restroom where we could have a rest and take a shower to clean ourselves.,We found a pharmacy and a restroom where we could rest and take a shower to clean ourselves.,We found a pharmacy and a restroom where we could rest and take a shower to clean ourselves.,False,False,True,True,both_models_error,Neither model exactly matches the gold correction,,,,
90,B.dev.gold.bea19:001214,Arabic,"That is very good idea, because that robbish undergo a recycling.",clear_error,"That is a very good idea, because that rubbish undergoes recycling.","That is a very good idea, because that rubbish undergoes recycling.","That is a very good idea, because that rubbish undergoes recycling.",True,True,False,False,both_models_match,Both models exactly match the gold correction,,,,
98,B.dev.gold.bea19:001214,German,"That is very good idea, because that robbish undergo a recycling.",clear_error,"That is a very good idea, because that rubbish undergoes recycling.","That is a very good idea, because that rubbish undergoes recycling.","That is a very good idea, because that rubbish undergoes recycling.",True,True,False,False,both_models_match,Both models exactly match the gold correction,,,,
81,B.dev.gold.bea19:001214,Malayalam,"That is very good idea, because that robbish undergo a recycling.",clear_error,"That is a very good idea, because that rubbish undergoes recycling.","That is a very good idea, because that rubbish undergoes recycling.","That is a very good idea, because that rubbish undergoes recycling.",True,True,False,False,both_models_match,Both models exactly match the gold correction,,,,
233,B.dev.gold.bea19:001214,Unknown,"That is very good idea, because that robbish undergo a recycling.",clear_error,"That is a very good idea, because that rubbish undergoes recycling.","That is a very good idea, because that rubbish undergoes recycling.","That is a very good idea, because that rubbish undergoes recycling.",True,True,False,False,both_models_match,Both models exactly match the gold correction,,,,
91,B.dev.gold.bea19:001271,Arabic,Who would have even bothered to pay me a visit during this bloody awful weather?,correct,Who would have even bothered to pay me a visit during this bloody awful weather?,Who would have even bothered to pay me a visit during this terrible weather?,Who would have even bothered to pay me a visit during this awful weather?,False,False,True,True,both_models_error,Neither model exactly matches the gold correction,,,,
147,B.dev.gold.bea19:001271,German,Who would have even bothered to pay me a visit during this bloody awful weather?,correct,Who would have even bothered to pay me a visit during this bloody awful weather?,Who would have even bothered to pay me a visit during this terrible weather?,Who would have even bothered to pay me a visit during this awful weather?,False,False,True,True,both_models_error,Neither model exactly matches the gold correction,,,,
7,B.dev.gold.bea19:001271,Malayalam,Who would have even bothered to pay me a visit during this bloody awful weather?,correct,Who would have even bothered to pay me a visit during this bloody awful weather?,Who would have even bothered to pay me a visit in this terrible weather?,Who would have even bothered to pay me a visit during this awful weather?,False,False,True,True,both_models_error,Neither model exactly matches the gold correction,,,,
137,B.dev.gold.bea19:001271,Unknown,Who would have even bothered to pay me a visit during this bloody awful weather?,correct,Who would have even bothered to pay me a visit during this bloody awful weather?,Who would have even bothered to pay me a visit during this terrible weather?,Who would have even bothered to pay me a visit during this bloody awful weather?,False,True,True,False,qwen_only_error,Only Qwen differs from the gold correction,,,,
170,B.dev.gold.bea19:001285,Arabic,All the household nearby the public road throws the dirty things easily and even don't bother about the order of the municipality.,clear_error,All the households nearby the public road throw dirty things away easily and don't even bother about the order of the municipality.,All households near the public road throw away their trash easily and do not care about the municipality's order.,All the households near the public road throw the dirty things easily and don't bother about the order of the municipality.,False,False,True,True,both_models_error,Neither model exactly matches the gold correction,,,,
209,B.dev.gold.bea19:001285,German,All the household nearby the public road throws the dirty things easily and even don't bother about the order of the municipality.,clear_error,All the households nearby the public road throw dirty things away easily and don't even bother about the order of the municipality.,All the households near the public road throw away their trash easily and do not care about the municipality's order.,All the households near the public road throw the dirty things easily and don't even bother about the order of the municipality.,False,False,True,True,both_models_error,Neither model exactly matches the gold correction,,,,
234,B.dev.gold.bea19:001285,Malayalam,All the household nearby the public road throws the dirty things easily and even don't bother about the order of the municipality.,clear_error,All the households nearby the public road throw dirty things away easily and don't even bother about the order of the municipality.,All households near the public road throw away their trash easily and do not care about the municipal order.,All the households nearby the public road throw the dirty things easily and don't bother about the order of the municipality.,False,False,True,True,both_models_error,Neither model exactly matches the gold correction,,,,
220,B.dev.gold.bea19:001285,Unknown,All the household nearby the public road throws the dirty things easily and even don't bother about the order of the municipality.,clear_error,All the households nearby the public road throw dirty things away easily and don't even bother about the order of the municipality.,All households near the public road throw away their trash easily and do not care about the municipality's order.,All the households nearby the public road throw the dirty things easily and don't bother about the order of the municipality.,False,False,True,True,both_models_error,Neither model exactly matches the gold correction,,,,
